date,team,goalie,total,p_opp
20251007,CHI,spencerknight,5.5,0.7085889570552146
20251007,FLA,sergeibobrovsky,5.5,0.29141104294478526
20251007,PIT,arturssilovs,6.0,0.6690070210631895
20251007,NYR,igorshesterkin,6.0,0.33099297893681046
20251007,COL,scottwedgewood,6.0,0.4891657638136511
20251007,LAK,darcykuemper,6.0,0.5108342361863488
20251008,MTL,samuelmontembeault,6.0,0.6067006554989074
20251008,TOR,anthonystolarz,6.0,0.39329934450109244
20251008,BOS,jeremyswayman,5.5,0.6164383561643836
20251008,WSH,loganthompson,5.5,0.3835616438356164
20251008,CGY,dustinwolf,6.0,0.6755725190839694
20251008,EDM,stuartskinner,6.0,0.32442748091603046
20251008,LAK,antonforsberg,6.0,0.644729178800233
20251008,VGK,adinhill,6.0,0.35527082119976705
20251009,CHI,arvidsoderblom,6.0,0.5990922844175491
20251009,BOS,joonaskorpisalo,6.0,0.40090771558245086
20251009,NYR,igorshesterkin,6.0,0.4891657638136511
20251009,BUF,alexlyon,6.0,0.5108342361863488
20251009,MTL,jakubdobes,6.0,0.562043795620438
20251009,DET,johngibson,6.0,0.43795620437956206
20251009,OTT,linusullmark,6.0,0.6164383561643836
20251009,TBL,andreivasilevskiy,6.0,0.3835616438356164
20251009,PHI,danvladar,5.5,0.6581196581196581
20251009,FLA,sergeibobrovsky,5.5,0.3418803418803419
20251009,NYI,ilyasorokin,6.0,0.4572564612326044
20251009,PIT,tristanjarry,6.0,0.5427435387673957
20251009,NJD,jacobmarkstrom,5.5,0.6164383561643836
20251009,CAR,frederikandersen,5.5,0.3835616438356164
20251009,MIN,filipgustavsson,5.5,0.5324675324675325
20251009,STL,jordanbinnington,5.5,0.4675324675324675
20251009,CBJ,jetgreaves,6.0,0.5108342361863488
20251009,NSH,juusesaros,6.0,0.4891657638136511
20251009,DAL,jakeoettinger,5.5,0.5
20251009,WPG,connorhellebuyck,5.5,0.5
20251009,UTA,karelvejmelka,6.5,0.6385542168674698
20251009,COL,scottwedgewood,6.5,0.3614457831325302
20251009,CGY,dustinwolf,5.5,0.6385542168674698
20251009,VAN,thatcherdemko,5.5,0.3614457831325302
20251009,VGK,akiraschmid,6.5,0.3418803418803419
20251009,SJS,alexnedeljkovic,6.5,0.6581196581196581
20251009,ANA,lukasdostal,6.0,0.552594002855783
20251009,SEA,joeydaccord,6.0,0.447405997144217
20251011,LAK,darcykuemper,5.5,0.5427435387673957
20251011,WPG,connorhellebuyck,5.5,0.4572564612326044
20251011,STL,joelhofer,5.5,0.4891657638136511
20251011,CGY,dustinwolf,5.5,0.5108342361863488
20251011,BUF,alexlyon,6.0,0.5108342361863488
20251011,BOS,jeremyswayman,6.0,0.4891657638136511
20251011,TOR,anthonystolarz,6.0,0.4255319148936171
20251011,DET,camtalbot,6.0,0.574468085106383
20251011,NJD,jacobmarkstrom,6.0,0.574468085106383
20251011,TBL,andreivasilevskiy,6.0,0.4255319148936171
20251011,OTT,linusullmark,5.5,0.5829926410466066
20251011,FLA,sergeibobrovsky,5.5,0.4170073589533933
20251011,WSH,loganthompson,5.5,0.4782608695652174
20251011,NYI,ilyasorokin,5.5,0.5217391304347826
20251011,NYR,igorshesterkin,6.0,0.43795620437956206
20251011,PIT,arturssilovs,6.0,0.562043795620438
20251011,PHI,samuelersson,6.0,0.7183098591549295
20251011,CAR,frederikandersen,6.0,0.28169014084507044
20251011,MTL,samuelmontembeault,6.0,0.40090771558245086
20251011,CHI,spencerknight,6.0,0.5990922844175491
20251011,UTA,karelvejmelka,5.5,0.4675324675324675
20251011,NSH,juusesaros,5.5,0.5324675324675325
20251011,CBJ,elvismerzlikins,6.0,0.5911949685534592
20251011,MIN,filipgustavsson,6.0,0.4088050314465409
20251011,DAL,jakeoettinger,6.0,0.574468085106383
20251011,COL,scottwedgewood,6.0,0.4255319148936171
20251011,VAN,thatcherdemko,6.0,0.6164383561643836
20251011,EDM,calvinpickard,6.0,0.3835616438356164
20251011,ANA,petrmrazek,6.5,0.4572564612326044
20251011,SJS,yaroslavaskarov,6.5,0.5427435387673957
20251011,VGK,adinhill,6.0,0.37661050545094155
20251011,SEA,joeydaccord,6.0,0.6233894945490586
20251012,WSH,charlielindgren,6.0,0.5
20251012,NYR,jonathanquick,6.0,0.5
20251013,COL,scottwedgewood,6.5,0.3835616438356164
20251013,BUF,alexlyon,6.5,0.6164383561643836
20251013,TBL,jonasjohansson,6.0,0.4088050314465409
20251013,BOS,joonaskorpisalo,6.0,0.5911949685534592
20251013,NSH,juusesaros,5.5,0.6067006554989074
20251013,OTT,linusullmark,5.5,0.39329934450109244
20251013,WPG,ericcomrie,5.5,0.5
20251013,NYI,ilyasorokin,5.5,0.5
20251013,DET,camtalbot,6.0,0.5990922844175491
20251013,TOR,anthonystolarz,6.0,0.40090771558245086
20251013,FLA,daniiltarasov,5.5,0.4255319148936171
20251013,PHI,danvladar,5.5,0.574468085106383
20251013,NJD,jakeallen,6.5,0.4675324675324675
20251013,CBJ,jetgreaves,6.5,0.5324675324675325
20251013,STL,jordanbinnington,5.5,0.5217391304347826
20251013,VAN,kevinlankinen,5.5,0.4782608695652174
20251013,LAK,darcykuemper,5.5,0.4891657638136511
20251013,MIN,jesperwallstedt,5.5,0.5108342361863488
20251013,UTA,vitekvanecek,6.0,0.40090771558245086
20251013,CHI,spencerknight,6.0,0.5990922844175491
20251014,NSH,justusannunen,6.5,0.6164383561643836
20251014,TOR,caydenprimeau,6.5,0.3835616438356164
20251014,SEA,joeydaccord,6.0,0.5911949685534592
20251014,MTL,samuelmontembeault,6.0,0.4088050314465409
20251014,EDM,stuartskinner,6.0,0.447405997144217
20251014,NYR,igorshesterkin,6.0,0.552594002855783
20251014,TBL,andreivasilevskiy,6.0,0.4891657638136511
20251014,WSH,loganthompson,6.0,0.5108342361863488
20251014,VGK,adinhill,6.0,0.39329934450109244
20251014,CGY,dustinwolf,6.0,0.6067006554989074
20251014,MIN,filipgustavsson,6.0,0.6385542168674698
20251014,DAL,jakeoettinger,6.0,0.3614457831325302
20251014,CAR,brandonbussi,6.5,0.299837925445705
20251014,SJS,alexnedeljkovic,6.5,0.7001620745542949
20251014,PIT,tristanjarry,6.0,0.574468085106383
20251014,ANA,lukasdostal,6.0,0.4255319148936171
20251015,OTT,leevimerilainen,6.0,0.4891657638136511
20251015,BUF,alexlyon,6.0,0.5108342361863488
20251015,FLA,sergeibobrovsky,5.5,0.4088050314465409
20251015,DET,camtalbot,5.5,0.5911949685534592
20251015,CHI,arvidsoderblom,6.0,0.6853932584269663
20251015,STL,joelhofer,6.0,0.31460674157303364
20251015,CGY,devincooley,6.0,0.6755725190839694
20251015,UTA,karelvejmelka,6.0,0.32442748091603046
20251016,NYR,igorshesterkin,6.0,0.574468085106383
20251016,TOR,anthonystolarz,6.0,0.4255319148936171
20251016,NSH,juusesaros,6.0,0.562043795620438
20251016,MTL,jakubdobes,6.0,0.43795620437956206
20251016,SEA,philippgrubauer,6.0,0.5990922844175491
20251016,OTT,linusullmark,6.0,0.40090771558245086
20251016,FLA,daniiltarasov,6.0,0.5829926410466066
20251016,NJD,jakeallen,6.0,0.4170073589533933
20251016,WPG,connorhellebuyck,5.5,0.43795620437956206
20251016,PHI,samuelersson,5.5,0.562043795620438
20251016,COL,scottwedgewood,6.5,0.40090771558245086
20251016,CBJ,elvismerzlikins,6.5,0.5990922844175491
20251016,EDM,stuartskinner,6.0,0.40090771558245086
20251016,NYI,davidrittich,6.0,0.5990922844175491
20251016,VAN,thatcherdemko,6.0,0.6067006554989074
20251016,DAL,caseydesmith,6.0,0.39329934450109244
20251016,BOS,jeremyswayman,6.0,0.6755725190839694
20251016,VGK,akiraschmid,6.0,0.32442748091603046
20251016,CAR,frederikandersen,6.5,0.3614457831325302
20251016,ANA,lukasdostal,6.5,0.6385542168674698
20251016,PIT,arturssilovs,6.5,0.6385542168674698
20251016,LAK,antonforsberg,6.5,0.3614457831325302
20251017,TBL,andreivasilevskiy,6.0,0.4572564612326044
20251017,DET,johngibson,6.0,0.5427435387673957
20251017,MIN,filipgustavsson,5.5,0.5324675324675325
20251017,WSH,loganthompson,5.5,0.4675324675324675
20251017,VAN,kevinlankinen,6.0,0.4675324675324675
20251017,CHI,spencerknight,6.0,0.5324675324675325
20251017,SJS,yaroslavaskarov,6.5,0.6912521440823327
20251017,UTA,karelvejmelka,6.5,0.30874785591766724
20251018,FLA,sergeibobrovsky,6.0,0.4170073589533933
20251018,BUF,alexlyon,6.0,0.5829926410466066
20251018,NYI,ilyasorokin,6.0,0.552594002855783
20251018,OTT,linusullmark,6.0,0.447405997144217
20251018,EDM,calvinpickard,6.0,0.4891657638136511
20251018,NJD,jakeallen,6.0,0.5108342361863488
20251018,SEA,joeydaccord,6.0,0.6385542168674698
20251018,TOR,anthonystolarz,6.0,0.3614457831325302
20251018,NYR,jonathanquick,6.0,0.5427435387673957
20251018,MTL,samuelmontembeault,6.0,0.4572564612326044
20251018,MIN,jesperwallstedt,6.0,0.5217391304347826
20251018,PHI,danvladar,6.0,0.4782608695652174
20251018,TBL,jonasjohansson,6.5,0.5427435387673957
20251018,CBJ,jetgreaves,6.5,0.4572564612326044
20251018,DAL,jakeoettinger,6.0,0.4675324675324675
20251018,STL,jordanbinnington,6.0,0.5324675324675325
20251018,NSH,juusesaros,5.5,0.6164383561643836
20251018,WPG,connorhellebuyck,5.5,0.3835616438356164
20251018,BOS,jeremyswayman,6.0,0.6912521440823327
20251018,COL,scottwedgewood,6.0,0.30874785591766724
20251018,CAR,brandonbussi,6.0,0.447405997144217
20251018,LAK,antonforsberg,6.0,0.552594002855783
20251018,CGY,dustinwolf,6.0,0.6805555555555556
20251018,VGK,adinhill,6.0,0.3194444444444444
20251018,PIT,tristanjarry,6.5,0.4088050314465409
20251018,SJS,alexnedeljkovic,6.5,0.5911949685534592
20251019,VAN,thatcherdemko,5.5,0.5911949685534592
20251019,WSH,charlielindgren,5.5,0.4088050314465409
20251019,EDM,stuartskinner,6.0,0.447405997144217
20251019,DET,johngibson,6.0,0.552594002855783
20251019,ANA,lukasdostal,6.0,0.4572564612326044
20251019,CHI,spencerknight,6.0,0.5427435387673957
20251019,BOS,joonaskorpisalo,6.0,0.6636481241914618
20251019,UTA,vitekvanecek,6.0,0.33635187580853815
20251020,MIN,filipgustavsson,5.5,0.5990922844175491
20251020,NYR,igorshesterkin,5.5,0.40090771558245086
20251020,SEA,joeydaccord,5.5,0.562043795620438
20251020,PHI,danvladar,5.5,0.43795620437956206
20251020,BUF,alexlyon,6.0,0.574468085106383
20251020,MTL,jakubdobes,6.0,0.4255319148936171
20251020,WPG,connorhellebuyck,5.5,0.447405997144217
20251020,CGY,dustinwolf,5.5,0.552594002855783
20251020,CAR,frederikandersen,6.0,0.5108342361863488
20251020,VGK,adinhill,6.0,0.4891657638136511
20251021,NJD,jakeallen,5.5,0.5217391304347826
20251021,TOR,anthonystolarz,5.5,0.4782608695652174
20251021,EDM,stuartskinner,6.0,0.4572564612326044
20251021,OTT,linusullmark,6.0,0.5427435387673957
20251021,SJS,yaroslavaskarov,6.5,0.6581196581196581
20251021,NYI,ilyasorokin,6.5,0.3418803418803419
20251021,VAN,kevinlankinen,6.5,0.5
20251021,PIT,arturssilovs,6.5,0.5
20251021,SEA,mattmurray,6.0,0.7044334975369458
20251021,WSH,loganthompson,6.0,0.29556650246305427
20251021,FLA,sergeibobrovsky,5.5,0.4170073589533933
20251021,BOS,jeremyswayman,5.5,0.5829926410466066
20251021,LAK,darcykuemper,5.5,0.5324675324675325
20251021,STL,jordanbinnington,5.5,0.4675324675324675
20251021,ANA,lukasdostal,6.0,0.562043795620438
20251021,NSH,juusesaros,6.0,0.43795620437956206
20251021,CBJ,elvismerzlikins,6.5,0.6385542168674698
20251021,DAL,jakeoettinger,6.5,0.3614457831325302
20251021,COL,scottwedgewood,6.0,0.4170073589533933
20251021,UTA,karelvejmelka,6.0,0.5829926410466066
20251022,MIN,filipgustavsson,5.5,0.5324675324675325
20251022,NJD,nicodaws,5.5,0.4675324675324675
20251022,DET,johngibson,6.0,0.5324675324675325
20251022,BUF,coltenellis,6.0,0.4675324675324675
20251022,MTL,jakubdobes,6.0,0.4891657638136511
20251022,CGY,dustinwolf,6.0,0.5108342361863488
20251023,CHI,spencerknight,6.0,0.7328244274809161
20251023,TBL,andreivasilevskiy,6.0,0.267175572519084
20251023,ANA,petrmrazek,6.5,0.5108342361863488
20251023,BOS,joonaskorpisalo,6.5,0.4891657638136511
20251023,PHI,danvladar,5.5,0.5911949685534592
20251023,OTT,linusullmark,5.5,0.4088050314465409
20251023,PIT,tristanjarry,6.0,0.6385542168674698
20251023,FLA,sergeibobrovsky,6.0,0.3614457831325302
20251023,DET,camtalbot,6.0,0.5427435387673957
20251023,NYI,davidrittich,6.0,0.4572564612326044
20251023,SJS,alexnedeljkovic,6.0,0.7085889570552146
20251023,NYR,igorshesterkin,6.0,0.29141104294478526
20251023,UTA,karelvejmelka,5.5,0.5217391304347826
20251023,STL,joelhofer,5.5,0.4782608695652174
20251023,VAN,thatcherdemko,6.0,0.5217391304347826
20251023,NSH,juusesaros,6.0,0.4782608695652174
20251023,SEA,joeydaccord,5.5,0.6581196581196581
20251023,WPG,connorhellebuyck,5.5,0.3418803418803419
20251023,LAK,darcykuemper,5.5,0.552594002855783
20251023,DAL,jakeoettinger,5.5,0.447405997144217
20251023,CAR,frederikandersen,6.0,0.552594002855783
20251023,COL,scottwedgewood,6.0,0.447405997144217
20251023,MTL,samuelmontembeault,6.0,0.6690070210631895
20251023,EDM,calvinpickard,6.0,0.33099297893681046
20251024,TOR,anthonystolarz,6.0,0.4675324675324675
20251024,BUF,alexlyon,6.0,0.5324675324675325
20251024,SJS,yaroslavaskarov,6.5,0.7543125980135913
20251024,NJD,jakeallen,6.5,0.2456874019864088
20251024,WSH,loganthompson,6.5,0.4891657638136511
20251024,CBJ,jetgreaves,6.5,0.5108342361863488
20251024,CGY,dustinwolf,5.5,0.552594002855783
20251024,WPG,ericcomrie,5.5,0.447405997144217
20251025,NYI,ilyasorokin,6.0,0.5108342361863488
20251025,PHI,samuelersson,6.0,0.4891657638136511
20251025,COL,scottwedgewood,6.0,0.35527082119976705
20251025,BOS,jeremyswayman,6.0,0.644729178800233
20251025,ANA,lukasdostal,6.5,0.6301020408163266
20251025,TBL,jonasjohansson,6.5,0.3698979591836735
20251025,BUF,ukkopekkaluukkonen,6.5,0.574468085106383
20251025,TOR,caydenprimeau,6.5,0.4255319148936171
20251025,VGK,akiraschmid,6.0,0.4891657638136511
20251025,FLA,sergeibobrovsky,6.0,0.5108342361863488
20251025,UTA,karelvejmelka,6.0,0.5108342361863488
20251025,MIN,filipgustavsson,6.0,0.4891657638136511
20251025,STL,jordanbinnington,5.5,0.5
20251025,DET,johngibson,5.5,0.5
20251025,CBJ,elvismerzlikins,6.5,0.5217391304347826
20251025,PIT,arturssilovs,6.5,0.4782608695652174
20251025,OTT,linusullmark,5.5,0.5324675324675325
20251025,WSH,charlielindgren,5.5,0.4675324675324675
20251025,MTL,jakubdobes,6.0,0.5
20251025,VAN,kevinlankinen,6.0,0.5
20251025,LAK,darcykuemper,5.5,0.4170073589533933
20251025,NSH,juusesaros,5.5,0.5829926410466066
20251025,CAR,brandonbussi,6.0,0.5324675324675325
20251025,DAL,jakeoettinger,6.0,0.4675324675324675
20251025,EDM,stuartskinner,6.0,0.3835616438356164
20251025,SEA,joeydaccord,6.0,0.6164383561643836
20251026,COL,trentminer,6.0,0.5427435387673957
20251026,NJD,jakeallen,6.0,0.4572564612326044
20251026,VGK,carllindbom,6.0,0.552594002855783
20251026,TBL,andreivasilevskiy,6.0,0.447405997144217
20251026,SJS,yaroslavaskarov,6.5,0.6301020408163266
20251026,MIN,jesperwallstedt,6.5,0.3698979591836735
20251026,UTA,vitekvanecek,5.5,0.5829926410466066
20251026,WPG,connorhellebuyck,5.5,0.4170073589533933
20251026,LAK,antonforsberg,6.0,0.4088050314465409
20251026,CHI,arvidsoderblom,6.0,0.5911949685534592
20251026,DAL,caseydesmith,6.0,0.4170073589533933
20251026,NSH,justusannunen,6.0,0.5829926410466066
20251026,NYR,igorshesterkin,5.5,0.4572564612326044
20251026,CGY,dustinwolf,5.5,0.5427435387673957
20251026,EDM,calvinpickard,6.0,0.4088050314465409
20251026,VAN,thatcherdemko,6.0,0.5911949685534592
20251027,STL,joelhofer,6.0,0.4782608695652174
20251027,PIT,tristanjarry,6.0,0.5217391304347826
20251027,BOS,jeremyswayman,6.0,0.6067006554989074
20251027,OTT,leevimerilainen,6.0,0.39329934450109244
20251028,PIT,arturssilovs,6.0,0.6164383561643836
20251028,PHI,samuelersson,6.0,0.3835616438356164
20251028,CGY,dustinwolf,5.5,0.6164383561643836
20251028,TOR,anthonystolarz,5.5,0.3835616438356164
20251028,VGK,akiraschmid,6.0,0.574468085106383
20251028,CAR,frederikandersen,6.0,0.4255319148936171
20251028,CBJ,jetgreaves,6.5,0.5108342361863488
20251028,BUF,alexlyon,6.5,0.4891657638136511
20251028,ANA,lukasdostal,6.5,0.6233894945490586
20251028,FLA,daniiltarasov,6.5,0.37661050545094155
20251028,NYI,ilyasorokin,6.5,0.4255319148936171
20251028,BOS,joonaskorpisalo,6.5,0.574468085106383
20251028,TBL,andreivasilevskiy,6.0,0.3835616438356164
20251028,NSH,juusesaros,6.0,0.6164383561643836
20251028,WPG,connorhellebuyck,6.0,0.5
20251028,MIN,filipgustavsson,6.0,0.5
20251028,DET,johngibson,6.0,0.5
20251028,STL,jordanbinnington,6.0,0.5
20251028,WSH,loganthompson,5.5,0.5427435387673957
20251028,DAL,jakeoettinger,5.5,0.4572564612326044
20251028,OTT,linusullmark,6.0,0.43795620437956206
20251028,CHI,spencerknight,6.0,0.562043795620438
20251028,NJD,jacobmarkstrom,6.0,0.6164383561643836
20251028,COL,scottwedgewood,6.0,0.3835616438356164
20251028,UTA,karelvejmelka,6.0,0.574468085106383
20251028,EDM,stuartskinner,6.0,0.4255319148936171
20251028,NYR,jonathanquick,5.5,0.4782608695652174
20251028,VAN,thatcherdemko,5.5,0.5217391304347826
20251028,MTL,jakubdobes,5.5,0.4675324675324675
20251028,SEA,joeydaccord,5.5,0.5324675324675325
20251028,LAK,darcykuemper,6.0,0.35527082119976705
20251028,SJS,yaroslavaskarov,6.0,0.644729178800233
20251029,TOR,caydenprimeau,6.5,0.5217391304347826
20251029,CBJ,elvismerzlikins,6.5,0.4782608695652174
20251030,BUF,alexlyon,6.5,0.447405997144217
20251030,BOS,joonaskorpisalo,6.5,0.552594002855783
20251030,CGY,devincooley,6.0,0.6067006554989074
20251030,OTT,linusullmark,6.0,0.39329934450109244
20251030,DAL,jakeoettinger,6.0,0.574468085106383
20251030,TBL,andreivasilevskiy,6.0,0.4255319148936171
20251030,NSH,juusesaros,5.5,0.5829926410466066
20251030,PHI,danvladar,5.5,0.4170073589533933
20251030,NYI,davidrittich,6.5,0.6636481241914618
20251030,CAR,brandonbussi,6.5,0.33635187580853815
20251030,VAN,kevinlankinen,6.0,0.5990922844175491
20251030,STL,jordanbinnington,6.0,0.40090771558245086
20251030,PIT,tristanjarry,6.5,0.6067006554989074
20251030,MIN,filipgustavsson,6.5,0.39329934450109244
20251030,CHI,spencerknight,6.0,0.644729178800233
20251030,WPG,connorhellebuyck,6.0,0.35527082119976705
20251030,NYR,igorshesterkin,5.5,0.5829926410466066
20251030,EDM,stuartskinner,5.5,0.4170073589533933
20251030,NJD,jakeallen,6.5,0.3418803418803419
20251030,SJS,alexnedeljkovic,6.5,0.6581196581196581
20251030,DET,camtalbot,5.5,0.5829926410466066
20251030,LAK,darcykuemper,5.5,0.4170073589533933
20251031,COL,scottwedgewood,6.5,0.447405997144217
20251031,VGK,carllindbom,6.5,0.552594002855783
20251031,NYI,ilyasorokin,6.0,0.6690070210631895
20251031,WSH,loganthompson,6.0,0.33099297893681046
20251031,DET,johngibson,6.5,0.5427435387673957
20251031,ANA,lukasdostal,6.5,0.4572564612326044
20251101,CAR,frederikandersen,6.5,0.3614457831325302
20251101,BOS,jeremyswayman,6.5,0.6385542168674698
20251101,PIT,arturssilovs,6.5,0.5990922844175491
20251101,WPG,ericcomrie,6.5,0.40090771558245086
20251101,CGY,dustinwolf,5.5,0.5108342361863488
20251101,NSH,juusesaros,5.5,0.4891657638136511
20251101,COL,mackenzieblackwood,6.5,0.31460674157303364
20251101,SJS,yaroslavaskarov,6.5,0.6853932584269663
20251101,DAL,caseydesmith,5.5,0.562043795620438
20251101,FLA,sergeibobrovsky,5.5,0.43795620437956206
20251101,WSH,charlielindgren,6.5,0.5427435387673957
20251101,BUF,ukkopekkaluukkonen,6.5,0.4572564612326044
20251101,OTT,linusullmark,6.0,0.5
20251101,MTL,samuelmontembeault,6.0,0.5
20251101,TOR,anthonystolarz,5.5,0.4782608695652174
20251101,PHI,danvladar,5.5,0.5217391304347826
20251101,STL,joelhofer,6.5,0.574468085106383
20251101,CBJ,jetgreaves,6.5,0.4255319148936171
20251101,VAN,thatcherdemko,6.0,0.6164383561643836
20251101,MIN,filipgustavsson,6.0,0.3835616438356164
20251101,NJD,jacobmarkstrom,6.0,0.5217391304347826
20251101,LAK,darcykuemper,6.0,0.4782608695652174
20251101,CHI,spencerknight,6.5,0.7183098591549295
20251101,EDM,stuartskinner,6.5,0.28169014084507044
20251101,NYR,igorshesterkin,5.5,0.43795620437956206
20251101,SEA,joeydaccord,5.5,0.562043795620438
20251102,TBL,jonasjohansson,6.0,0.5
20251102,UTA,karelvejmelka,6.0,0.5
20251102,CBJ,elvismerzlikins,6.5,0.5324675324675325
20251102,NYI,davidrittich,6.5,0.4675324675324675
20251102,CGY,dustinwolf,5.5,0.5217391304347826
20251102,PHI,alekseikolosov,5.5,0.4782608695652174
20251102,NJD,jakeallen,6.5,0.4675324675324675
20251102,ANA,lukasdostal,6.5,0.5324675324675325
20251102,DET,camtalbot,6.5,0.3614457831325302
20251102,SJS,alexnedeljkovic,6.5,0.6385542168674698
20251103,PIT,tristanjarry,6.5,0.6233894945490586
20251103,TOR,anthonystolarz,6.5,0.37661050545094155
20251103,EDM,calvinpickard,6.0,0.4675324675324675
20251103,STL,jordanbinnington,6.0,0.5324675324675325
20251103,VAN,thatcherdemko,5.5,0.5108342361863488
20251103,NSH,juusesaros,5.5,0.4891657638136511
20251103,CHI,arvidsoderblom,6.0,0.5829926410466066
20251103,SEA,joeydaccord,6.0,0.4170073589533933
20251104,UTA,karelvejmelka,6.5,0.447405997144217
20251104,BUF,alexlyon,6.5,0.552594002855783
20251104,PHI,danvladar,5.5,0.5911949685534592
20251104,MTL,samuelmontembeault,5.5,0.4088050314465409
20251104,BOS,jeremyswayman,6.0,0.6067006554989074
20251104,NYI,ilyasorokin,6.0,0.39329934450109244
20251104,CAR,pyotrkochetkov,5.5,0.4891657638136511
20251104,NYR,igorshesterkin,5.5,0.5108342361863488
20251104,EDM,stuartskinner,6.0,0.5324675324675325
20251104,DAL,caseydesmith,6.0,0.4675324675324675
20251104,NSH,justusannunen,6.5,0.6507042253521127
20251104,MIN,filipgustavsson,6.5,0.34929577464788736
20251104,TBL,andreivasilevskiy,6.0,0.562043795620438
20251104,COL,scottwedgewood,6.0,0.43795620437956206
20251104,DET,johngibson,6.0,0.6301020408163266
20251104,VGK,akiraschmid,6.0,0.3698979591836735
20251104,FLA,sergeibobrovsky,6.0,0.4088050314465409
20251104,ANA,lukasdostal,6.0,0.5911949685534592
20251104,WPG,connorhellebuyck,5.5,0.552594002855783
20251104,LAK,darcykuemper,5.5,0.447405997144217
20251105,UTA,vitekvanecek,6.5,0.5829926410466066
20251105,TOR,anthonystolarz,6.5,0.4170073589533933
20251105,STL,jordanbinnington,5.5,0.574468085106383
20251105,WSH,loganthompson,5.5,0.4255319148936171
20251105,CBJ,jetgreaves,6.0,0.5108342361863488
20251105,CGY,dustinwolf,6.0,0.4891657638136511
20251105,CHI,spencerknight,6.0,0.5829926410466066
20251105,VAN,kevinlankinen,6.0,0.4170073589533933
20251105,SJS,yaroslavaskarov,6.0,0.5990922844175491
20251105,SEA,joeydaccord,6.0,0.40090771558245086
20251106,OTT,linusullmark,6.0,0.4088050314465409
20251106,BOS,joonaskorpisalo,6.0,0.5911949685534592
20251106,STL,joelhofer,6.5,0.562043795620438
20251106,BUF,ukkopekkaluukkonen,6.5,0.43795620437956206
20251106,MTL,jakubdobes,6.0,0.562043795620438
20251106,NJD,jacobmarkstrom,6.0,0.43795620437956206
20251106,MIN,filipgustavsson,6.5,0.644729178800233
20251106,CAR,frederikandersen,6.5,0.35527082119976705
20251106,WSH,charlielindgren,6.5,0.5
20251106,PIT,arturssilovs,6.5,0.5
20251106,PHI,danvladar,5.5,0.5427435387673957
20251106,NSH,juusesaros,5.5,0.4572564612326044
20251106,ANA,lukasdostal,6.5,0.6164383561643836
20251106,DAL,jakeoettinger,6.5,0.3835616438356164
20251106,TBL,andreivasilevskiy,6.0,0.5217391304347826
20251106,VGK,carllindbom,6.0,0.4782608695652174
20251106,FLA,sergeibobrovsky,5.5,0.5
20251106,LAK,antonforsberg,5.5,0.5
20251107,NYR,jonathanquick,6.0,0.5217391304347826
20251107,DET,camtalbot,6.0,0.4782608695652174
20251107,MIN,jesperwallstedt,6.5,0.5990922844175491
20251107,NYI,davidrittich,6.5,0.40090771558245086
20251107,CHI,spencerknight,6.0,0.574468085106383
20251107,CGY,dustinwolf,6.0,0.4255319148936171
20251107,WPG,connorhellebuyck,6.5,0.3614457831325302
20251107,SJS,alexnedeljkovic,6.5,0.6385542168674698
20251108,PIT,arturssilovs,6.5,0.6067006554989074
20251108,NJD,jakeallen,6.5,0.39329934450109244
20251108,OTT,linusullmark,5.5,0.4782608695652174
20251108,PHI,samuelersson,5.5,0.5217391304347826
20251108,DAL,jakeoettinger,5.5,0.4088050314465409
20251108,NSH,justusannunen,5.5,0.5911949685534592
20251108,BOS,jeremyswayman,6.0,0.6385542168674698
20251108,TOR,anthonystolarz,6.0,0.3614457831325302
20251108,UTA,karelvejmelka,6.0,0.4572564612326044
20251108,MTL,samuelmontembeault,6.0,0.5427435387673957
20251108,WSH,loganthompson,6.0,0.574468085106383
20251108,TBL,andreivasilevskiy,6.0,0.4255319148936171
20251108,NYI,ilyasorokin,6.0,0.5911949685534592
20251108,NYR,igorshesterkin,6.0,0.4088050314465409
20251108,BUF,alexlyon,6.5,0.6805555555555556
20251108,CAR,pyotrkochetkov,6.5,0.3194444444444444
20251108,SEA,philippgrubauer,5.5,0.6067006554989074
20251108,STL,joelhofer,5.5,0.39329934450109244
20251108,COL,scottwedgewood,6.5,0.4675324675324675
20251108,EDM,stuartskinner,6.5,0.5324675324675325
20251108,CBJ,elvismerzlikins,6.5,0.5108342361863488
20251108,VAN,kevinlankinen,6.5,0.4891657638136511
20251108,ANA,petrmrazek,6.5,0.6690070210631895
20251108,VGK,akiraschmid,6.5,0.33099297893681046
20251108,FLA,daniiltarasov,6.5,0.30874785591766724
20251108,SJS,yaroslavaskarov,6.5,0.6912521440823327
20251109,CHI,arvidsoderblom,6.0,0.6233894945490586
20251109,DET,johngibson,6.0,0.37661050545094155
20251109,LAK,darcykuemper,6.0,0.40090771558245086
20251109,PIT,sergeimurashov,6.0,0.5990922844175491
20251109,CAR,brandonbussi,6.5,0.4572564612326044
20251109,TOR,dennishildeby,6.5,0.5427435387673957
20251109,UTA,vitekvanecek,6.0,0.4891657638136511
20251109,OTT,leevimerilainen,6.0,0.5108342361863488
20251109,SEA,mattmurray,6.0,0.6385542168674698
20251109,DAL,caseydesmith,6.0,0.3614457831325302
20251109,CGY,devincooley,6.5,0.574468085106383
20251109,MIN,jesperwallstedt,6.5,0.4255319148936171
20251109,COL,mackenzieblackwood,6.5,0.34929577464788736
20251109,VAN,kevinlankinen,6.5,0.6507042253521127
20251109,WPG,ericcomrie,6.5,0.447405997144217
20251109,ANA,lukasdostal,6.5,0.552594002855783
20251110,NYI,ilyasorokin,6.0,0.574468085106383
20251110,NJD,jacobmarkstrom,6.0,0.4255319148936171
20251110,NSH,juusesaros,5.5,0.6301020408163266
20251110,NYR,igorshesterkin,5.5,0.3698979591836735
20251110,CBJ,jetgreaves,6.5,0.6164383561643836
20251110,EDM,stuartskinner,6.5,0.3835616438356164
20251110,FLA,sergeibobrovsky,5.5,0.5427435387673957
20251110,VGK,carllindbom,5.5,0.4572564612326044
20251111,TOR,anthonystolarz,6.5,0.43795620437956206
20251111,BOS,jeremyswayman,6.5,0.562043795620438
20251111,LAK,darcykuemper,5.5,0.4782608695652174
20251111,MTL,samuelmontembeault,5.5,0.5217391304347826
20251111,DAL,jakeoettinger,5.5,0.5324675324675325
20251111,OTT,linusullmark,5.5,0.4675324675324675
20251111,WSH,loganthompson,6.0,0.5829926410466066
20251111,CAR,frederikandersen,6.0,0.4170073589533933
20251111,CGY,dustinwolf,5.5,0.562043795620438
20251111,STL,jordanbinnington,5.5,0.43795620437956206
20251111,SJS,yaroslavaskarov,6.5,0.644729178800233
20251111,MIN,filipgustavsson,6.5,0.35527082119976705
20251111,ANA,lukasdostal,6.5,0.6912521440823327
20251111,COL,scottwedgewood,6.5,0.30874785591766724
20251111,WPG,connorhellebuyck,6.0,0.4675324675324675
20251111,VAN,thatcherdemko,6.0,0.5324675324675325
20251111,CBJ,jetgreaves,6.5,0.5217391304347826
20251111,SEA,mattmurray,6.5,0.4782608695652174
20251112,NYR,igorshesterkin,5.5,0.5324675324675325
20251112,TBL,andreivasilevskiy,5.5,0.4675324675324675
20251112,EDM,stuartskinner,5.5,0.4782608695652174
20251112,PHI,danvladar,5.5,0.5217391304347826
20251112,BUF,coltenellis,6.5,0.6385542168674698
20251112,UTA,karelvejmelka,6.5,0.3614457831325302
20251112,NJD,jacobmarkstrom,6.0,0.4170073589533933
20251112,CHI,spencerknight,6.0,0.5829926410466066
20251113,LAK,darcykuemper,6.0,0.447405997144217
20251113,TOR,dennishildeby,6.0,0.552594002855783
20251113,DAL,caseydesmith,5.5,0.5217391304347826
20251113,MTL,jakubdobes,5.5,0.4782608695652174
20251113,BOS,joonaskorpisalo,6.0,0.5911949685534592
20251113,OTT,leevimerilainen,6.0,0.4088050314465409
20251113,ANA,lukasdostal,6.5,0.552594002855783
20251113,DET,johngibson,6.5,0.447405997144217
20251113,WSH,loganthompson,5.5,0.5324675324675325
20251113,FLA,daniiltarasov,5.5,0.4675324675324675
20251113,EDM,calvinpickard,6.5,0.5427435387673957
20251113,CBJ,jetgreaves,6.5,0.4572564612326044
20251113,BUF,alexlyon,6.5,0.765438008616563
20251113,COL,mackenzieblackwood,6.5,0.23456199138343706
20251113,SJS,yaroslavaskarov,6.0,0.5911949685534592
20251113,CGY,dustinwolf,6.0,0.4088050314465409
20251113,NYI,ilyasorokin,6.5,0.6233894945490586
20251113,VGK,akiraschmid,6.5,0.37661050545094155
20251113,WPG,connorhellebuyck,5.5,0.4255319148936171
20251113,SEA,philippgrubauer,5.5,0.574468085106383
20251114,PIT,arturssilovs,6.5,0.4675324675324675
20251114,NSH,juusesaros,6.5,0.5324675324675325
20251114,VAN,kevinlankinen,6.5,0.7135512302607419
20251114,CAR,pyotrkochetkov,6.5,0.28644876973925815
20251114,PHI,samuelersson,5.5,0.552594002855783
20251114,STL,jordanbinnington,5.5,0.447405997144217
20251114,NYI,davidrittich,6.5,0.6636481241914618
20251114,UTA,karelvejmelka,6.5,0.33635187580853815
20251115,TBL,andreivasilevskiy,6.0,0.574468085106383
20251115,FLA,sergeibobrovsky,6.0,0.4255319148936171
20251115,ANA,petrmrazek,6.5,0.5217391304347826
20251115,MIN,jesperwallstedt,6.5,0.4782608695652174
20251115,BOS,jeremyswayman,5.5,0.5911949685534592
20251115,MTL,samuelmontembeault,5.5,0.4088050314465409
20251115,LAK,antonforsberg,5.5,0.5108342361863488
20251115,OTT,linusullmark,5.5,0.4891657638136511
20251115,BUF,coltenellis,6.5,0.6067006554989074
20251115,DET,johngibson,6.5,0.39329934450109244
20251115,NJD,jakeallen,5.5,0.574468085106383
20251115,WSH,loganthompson,5.5,0.4255319148936171
20251115,EDM,stuartskinner,6.5,0.5324675324675325
20251115,CAR,frederikandersen,6.5,0.4675324675324675
20251115,NYR,igorshesterkin,6.0,0.4782608695652174
20251115,CBJ,jetgreaves,6.0,0.5217391304347826
20251115,TOR,josephwoll,6.5,0.4675324675324675
20251115,CHI,spencerknight,6.5,0.5324675324675325
20251115,VGK,akiraschmid,5.5,0.40090771558245086
20251115,STL,joelhofer,5.5,0.5990922844175491
20251115,PHI,danvladar,5.5,0.6507042253521127
20251115,DAL,jakeoettinger,5.5,0.34929577464788736
20251115,WPG,connorhellebuyck,5.5,0.447405997144217
20251115,CGY,dustinwolf,5.5,0.552594002855783
20251115,SJS,alexnedeljkovic,5.5,0.574468085106383
20251115,SEA,mattmurray,5.5,0.4255319148936171
20251116,NSH,juusesaros,6.0,0.552594002855783
20251116,PIT,sergeimurashov,6.0,0.447405997144217
20251116,VAN,kevinlankinen,6.5,0.574468085106383
20251116,TBL,jonasjohansson,6.5,0.4255319148936171
20251116,VGK,carllindbom,6.0,0.4572564612326044
20251116,MIN,filipgustavsson,6.0,0.5427435387673957
20251116,DET,camtalbot,6.0,0.552594002855783
20251116,NYR,jonathanquick,6.0,0.447405997144217
20251116,NYI,ilyasorokin,6.5,0.6853932584269663
20251116,COL,scottwedgewood,6.5,0.31460674157303364
20251117,CAR,pyotrkochetkov,6.0,0.35527082119976705
20251117,BOS,jeremyswayman,6.0,0.644729178800233
20251117,EDM,stuartskinner,6.5,0.4088050314465409
20251117,BUF,coltenellis,6.5,0.5911949685534592
20251117,VAN,jiripatera,6.0,0.7044334975369458
20251117,FLA,sergeibobrovsky,6.0,0.29556650246305427
20251117,LAK,darcykuemper,5.5,0.5217391304347826
20251117,WSH,charlielindgren,5.5,0.4782608695652174
20251117,MTL,jakubdobes,6.5,0.552594002855783
20251117,CBJ,jetgreaves,6.5,0.447405997144217
20251117,UTA,karelvejmelka,6.5,0.4782608695652174
20251117,ANA,lukasdostal,6.5,0.5217391304347826
20251118,STL,jordanbinnington,6.0,0.5
20251118,TOR,josephwoll,6.0,0.5
20251118,SEA,joeydaccord,5.5,0.5990922844175491
20251118,DET,camtalbot,5.5,0.40090771558245086
20251118,NJD,jacobmarkstrom,6.0,0.6067006554989074
20251118,TBL,andreivasilevskiy,6.0,0.39329934450109244
20251118,NYI,davidrittich,6.0,0.6164383561643836
20251118,DAL,jakeoettinger,6.0,0.3835616438356164
20251118,CBJ,elvismerzlikins,6.5,0.6164383561643836
20251118,WPG,ericcomrie,6.5,0.3835616438356164
20251118,CGY,dustinwolf,6.0,0.4675324675324675
20251118,CHI,arvidsoderblom,6.0,0.5324675324675325
20251118,NYR,igorshesterkin,6.0,0.552594002855783
20251118,VGK,akiraschmid,6.0,0.447405997144217
20251118,UTA,vitekvanecek,6.0,0.447405997144217
20251118,SJS,yaroslavaskarov,6.0,0.552594002855783
20251119,EDM,stuartskinner,6.0,0.5217391304347826
20251119,WSH,loganthompson,6.0,0.4782608695652174
20251119,CGY,devincooley,6.0,0.5829926410466066
20251119,BUF,coltenellis,6.0,0.4170073589533933
20251119,CAR,frederikandersen,6.0,0.3835616438356164
20251119,MIN,jesperwallstedt,6.0,0.6164383561643836
20251119,BOS,joonaskorpisalo,6.5,0.6164383561643836
20251119,ANA,lukasdostal,6.5,0.3835616438356164
20251120,CBJ,jetgreaves,6.5,0.4891657638136511
20251120,TOR,josephwoll,6.5,0.5108342361863488
20251120,WSH,charlielindgren,6.0,0.5427435387673957
20251120,MTL,samuelmontembeault,6.0,0.4572564612326044
20251120,NYI,ilyasorokin,6.0,0.5324675324675325
20251120,DET,johngibson,6.0,0.4675324675324675
20251120,NJD,jakeallen,5.5,0.574468085106383
20251120,FLA,sergeibobrovsky,5.5,0.4255319148936171
20251120,STL,joelhofer,5.5,0.5324675324675325
20251120,PHI,danvladar,5.5,0.4675324675324675
20251120,EDM,calvinpickard,6.5,0.6067006554989074
20251120,TBL,andreivasilevskiy,6.5,0.39329934450109244
20251120,SEA,joeydaccord,5.5,0.5108342361863488
20251120,CHI,spencerknight,5.5,0.4891657638136511
20251120,NYR,igorshesterkin,6.0,0.6301020408163266
20251120,COL,scottwedgewood,6.0,0.3698979591836735
20251120,VGK,akiraschmid,6.0,0.4891657638136511
20251120,UTA,karelvejmelka,6.0,0.5108342361863488
20251120,DAL,jakeoettinger,6.5,0.43795620437956206
20251120,VAN,kevinlankinen,6.5,0.562043795620438
20251120,OTT,linusullmark,6.5,0.43795620437956206
20251120,ANA,petrmrazek,6.5,0.562043795620438
20251120,LAK,antonforsberg,5.5,0.39329934450109244
20251120,SJS,yaroslavaskarov,5.5,0.6067006554989074
20251121,CHI,arvidsoderblom,6.0,0.6164383561643836
20251121,BUF,ukkopekkaluukkonen,6.0,0.3835616438356164
20251121,MIN,filipgustavsson,6.0,0.5217391304347826
20251121,PIT,arturssilovs,6.0,0.4782608695652174
20251121,CAR,brandonbussi,6.5,0.40090771558245086
20251121,WPG,ericcomrie,6.5,0.5990922844175491
20251121,BOS,jeremyswayman,5.5,0.6233894945490586
20251121,LAK,darcykuemper,5.5,0.37661050545094155
20251122,CBJ,jetgreaves,6.5,0.5324675324675325
20251122,DET,camtalbot,6.5,0.4675324675324675
20251122,STL,jordanbinnington,6.0,0.552594002855783
20251122,NYI,ilyasorokin,6.0,0.447405997144217
20251122,TOR,josephwoll,6.0,0.562043795620438
20251122,MTL,jakubdobes,6.0,0.43795620437956206
20251122,EDM,stuartskinner,5.5,0.5427435387673957
20251122,FLA,sergeibobrovsky,5.5,0.4572564612326044
20251122,NJD,jakeallen,5.5,0.4891657638136511
20251122,PHI,danvladar,5.5,0.5108342361863488
20251122,SEA,philippgrubauer,5.5,0.5324675324675325
20251122,PIT,sergeimurashov,5.5,0.4675324675324675
20251122,TBL,jonasjohansson,6.0,0.5324675324675325
20251122,WSH,loganthompson,6.0,0.4675324675324675
20251122,OTT,linusullmark,5.5,0.39329934450109244
20251122,SJS,alexnedeljkovic,5.5,0.6067006554989074
20251122,COL,mackenzieblackwood,6.5,0.33635187580853815
20251122,NSH,juusesaros,6.5,0.6636481241914618
20251122,NYR,jonathanquick,6.0,0.552594002855783
20251122,UTA,karelvejmelka,6.0,0.447405997144217
20251122,DAL,caseydesmith,6.0,0.43795620437956206
20251122,CGY,devincooley,6.0,0.562043795620438
20251122,VGK,akiraschmid,6.0,0.4255319148936171
20251122,ANA,lukasdostal,6.0,0.574468085106383
20251123,CAR,frederikandersen,6.5,0.3698979591836735
20251123,BUF,ukkopekkaluukkonen,6.5,0.6301020408163266
20251123,MIN,jesperwallstedt,6.0,0.552594002855783
20251123,WPG,ericcomrie,6.0,0.447405997144217
20251123,SEA,joeydaccord,6.0,0.5911949685534592
20251123,NYI,davidrittich,6.0,0.4088050314465409
20251123,COL,scottwedgewood,6.5,0.33635187580853815
20251123,CHI,spencerknight,6.5,0.6636481241914618
20251123,BOS,jeremyswayman,6.0,0.4572564612326044
20251123,SJS,yaroslavaskarov,6.0,0.5427435387673957
20251123,CGY,dustinwolf,6.0,0.552594002855783
20251123,VAN,kevinlankinen,6.0,0.447405997144217
20251124,PHI,samuelersson,6.0,0.6164383561643836
20251124,TBL,andreivasilevskiy,6.0,0.3835616438356164
20251124,DET,camtalbot,6.0,0.562043795620438
20251124,NJD,jacobmarkstrom,6.0,0.43795620437956206
20251124,STL,joelhofer,5.5,0.562043795620438
20251124,NYR,igorshesterkin,5.5,0.43795620437956206
20251124,CBJ,elvismerzlikins,6.5,0.6067006554989074
20251124,WSH,loganthompson,6.5,0.39329934450109244
20251124,FLA,daniiltarasov,5.5,0.447405997144217
20251124,NSH,juusesaros,5.5,0.552594002855783
20251124,VGK,carllindbom,6.0,0.4782608695652174
20251124,UTA,karelvejmelka,6.0,0.5217391304347826
20251124,OTT,leevimerilainen,5.5,0.574468085106383
20251124,LAK,darcykuemper,5.5,0.4255319148936171
20251125,DAL,jakeoettinger,6.0,0.552594002855783
20251125,EDM,stuartskinner,6.0,0.447405997144217
20251126,NSH,justusannunen,6.0,0.5911949685534592
20251126,DET,camtalbot,6.0,0.4088050314465409
20251126,CGY,dustinwolf,5.5,0.6067006554989074
20251126,TBL,andreivasilevskiy,5.5,0.39329934450109244
20251126,PHI,danvladar,5.5,0.6233894945490586
20251126,FLA,sergeibobrovsky,5.5,0.37661050545094155
20251126,STL,jordanbinnington,5.5,0.552594002855783
20251126,NJD,jacobmarkstrom,5.5,0.447405997144217
20251126,BOS,jeremyswayman,6.0,0.5990922844175491
20251126,NYI,ilyasorokin,6.0,0.40090771558245086
20251126,BUF,ukkopekkaluukkonen,6.5,0.5217391304347826
20251126,PIT,tristanjarry,6.5,0.4782608695652174
20251126,WPG,ericcomrie,6.5,0.574468085106383
20251126,WSH,charlielindgren,6.5,0.4255319148936171
20251126,NYR,igorshesterkin,6.0,0.6301020408163266
20251126,CAR,frederikandersen,6.0,0.3698979591836735
20251126,TOR,josephwoll,6.5,0.5
20251126,CBJ,jetgreaves,6.5,0.5
20251126,MIN,filipgustavsson,5.5,0.4572564612326044
20251126,CHI,spencerknight,5.5,0.5427435387673957
20251126,SJS,yaroslavaskarov,6.5,0.765438008616563
20251126,COL,mackenzieblackwood,6.5,0.23456199138343706
20251126,MTL,jakubdobes,6.0,0.562043795620438
20251126,UTA,karelvejmelka,6.0,0.43795620437956206
20251126,OTT,linusullmark,5.5,0.6233894945490586
20251126,VGK,akiraschmid,5.5,0.37661050545094155
20251126,VAN,nikitatolopilo,6.5,0.5829926410466066
20251126,ANA,petrmrazek,6.5,0.4170073589533933
20251126,DAL,caseydesmith,5.5,0.4572564612326044
20251126,SEA,joeydaccord,5.5,0.5427435387673957
20251128,TBL,andreivasilevskiy,6.5,0.4572564612326044
20251128,DET,johngibson,6.5,0.5427435387673957
20251128,NYR,igorshesterkin,5.5,0.39329934450109244
20251128,BOS,joonaskorpisalo,5.5,0.6067006554989074
20251128,COL,scottwedgewood,6.0,0.3698979591836735
20251128,MIN,jesperwallstedt,6.0,0.6301020408163266
20251128,NJD,jakeallen,6.0,0.5
20251128,BUF,alexlyon,6.0,0.5
20251128,CGY,devincooley,5.5,0.6233894945490586
20251128,FLA,daniiltarasov,5.5,0.37661050545094155
20251128,PHI,samuelersson,6.0,0.574468085106383
20251128,NYI,davidrittich,6.0,0.4255319148936171
20251128,OTT,leevimerilainen,5.5,0.4891657638136511
20251128,STL,jordanbinnington,5.5,0.5108342361863488
20251128,MTL,samuelmontembeault,6.0,0.644729178800233
20251128,VGK,akiraschmid,6.0,0.35527082119976705
20251128,LAK,darcykuemper,6.0,0.447405997144217
20251128,ANA,villehusso,6.0,0.552594002855783
20251128,VAN,nikitatolopilo,6.5,0.4891657638136511
20251128,SJS,yaroslavaskarov,6.5,0.5108342361863488
20251128,TOR,josephwoll,6.0,0.5990922844175491
20251128,WSH,loganthompson,6.0,0.40090771558245086
20251128,WPG,thomasmilic,6.5,0.644729178800233
20251128,CAR,brandonbussi,6.5,0.35527082119976705
20251128,PIT,tristanjarry,6.0,0.552594002855783
20251128,CBJ,jetgreaves,6.0,0.447405997144217
20251128,NSH,juusesaros,6.0,0.4782608695652174
20251128,CHI,arvidsoderblom,6.0,0.5217391304347826
20251128,UTA,vitekvanecek,6.0,0.5427435387673957
20251128,DAL,jakeoettinger,6.0,0.4572564612326044
20251129,TBL,jonasjohansson,6.5,0.5427435387673957
20251129,NYR,igorshesterkin,6.5,0.4572564612326044
20251129,MTL,jakubdobes,6.5,0.6912521440823327
20251129,COL,mackenzieblackwood,6.5,0.30874785591766724
20251129,EDM,stuartskinner,6.0,0.4170073589533933
20251129,SEA,joeydaccord,6.0,0.5829926410466066
20251129,DET,camtalbot,5.5,0.4170073589533933
20251129,BOS,jeremyswayman,5.5,0.5829926410466066
20251129,PHI,danvladar,5.5,0.562043795620438
20251129,NJD,jacobmarkstrom,5.5,0.43795620437956206
20251129,TOR,dennishildeby,6.5,0.5
20251129,PIT,arturssilovs,6.5,0.5
20251129,WPG,ericcomrie,6.0,0.4572564612326044
20251129,NSH,justusannunen,6.0,0.5427435387673957
20251129,UTA,karelvejmelka,5.5,0.4572564612326044
20251129,STL,joelhofer,5.5,0.5427435387673957
20251129,BUF,coltenellis,6.0,0.562043795620438
20251129,MIN,filipgustavsson,6.0,0.43795620437956206
20251129,SJS,alexnedeljkovic,6.5,0.740871613663133
20251129,VGK,carllindbom,6.5,0.2591283863368669
20251129,VAN,kevinlankinen,6.5,0.6067006554989074
20251129,LAK,antonforsberg,6.5,0.39329934450109244
20251130,WSH,loganthompson,6.0,0.4572564612326044
20251130,NYI,ilyasorokin,6.0,0.5427435387673957
20251130,ANA,petrmrazek,6.5,0.4782608695652174
20251130,CHI,spencerknight,6.5,0.5217391304347826
20251130,CGY,devincooley,6.0,0.6912521440823327
20251130,CAR,brandonbussi,6.0,0.30874785591766724
20251130,OTT,linusullmark,5.5,0.552594002855783
20251130,DAL,caseydesmith,5.5,0.447405997144217
20251201,CBJ,elvismerzlikins,6.0,0.574468085106383
20251201,NJD,jakeallen,6.0,0.4255319148936171
20251201,PIT,tristanjarry,6.0,0.552594002855783
20251201,PHI,danvladar,6.0,0.447405997144217
20251201,WPG,ericcomrie,6.5,0.5108342361863488
20251201,BUF,ukkopekkaluukkonen,6.5,0.4891657638136511
20251201,ANA,villehusso,6.5,0.5829926410466066
20251201,STL,jordanbinnington,6.5,0.4170073589533933
20251201,UTA,karelvejmelka,6.0,0.3835616438356164
20251201,SJS,yaroslavaskarov,6.0,0.6164383561643836
20251202,OTT,linusullmark,6.0,0.4572564612326044
20251202,MTL,samuelmontembeault,6.0,0.5427435387673957
20251202,BOS,jeremyswayman,5.5,0.6301020408163266
20251202,DET,johngibson,5.5,0.3698979591836735
20251202,TBL,andreivasilevskiy,6.0,0.4782608695652174
20251202,NYI,ilyasorokin,6.0,0.5217391304347826
20251202,DAL,caseydesmith,5.5,0.4675324675324675
20251202,NYR,igorshesterkin,5.5,0.5324675324675325
20251202,TOR,josephwoll,6.5,0.6067006554989074
20251202,FLA,sergeibobrovsky,6.5,0.39329934450109244
20251202,CGY,devincooley,5.5,0.5217391304347826
20251202,NSH,juusesaros,5.5,0.4782608695652174
20251202,VAN,kevinlankinen,6.5,0.7446808510638298
20251202,COL,scottwedgewood,6.5,0.2553191489361702
20251202,MIN,jesperwallstedt,6.0,0.574468085106383
20251202,EDM,stuartskinner,6.0,0.4255319148936171
20251202,CHI,spencerknight,6.0,0.7044334975369458
20251202,VGK,carterhart,6.0,0.29556650246305427
20251202,WSH,loganthompson,5.5,0.5217391304347826
20251202,LAK,darcykuemper,5.5,0.4782608695652174
20251203,DAL,jakeoettinger,6.0,0.5108342361863488
20251203,NJD,jacobmarkstrom,6.0,0.4891657638136511
20251203,WPG,ericcomrie,6.5,0.4572564612326044
20251203,MTL,jakubdobes,6.5,0.5427435387673957
20251203,BUF,coltenellis,6.5,0.4572564612326044
20251203,PHI,samuelersson,6.5,0.5427435387673957
20251203,UTA,karelvejmelka,6.5,0.5
20251203,ANA,villehusso,6.5,0.5
20251203,WSH,charlielindgren,6.0,0.4255319148936171
20251203,SJS,yaroslavaskarov,6.0,0.574468085106383
20251204,STL,jordanbinnington,5.5,0.43795620437956206
20251204,BOS,joonaskorpisalo,5.5,0.562043795620438
20251204,NYR,igorshesterkin,5.5,0.5427435387673957
20251204,OTT,leevimerilainen,5.5,0.4572564612326044
20251204,PIT,tristanjarry,6.5,0.5911949685534592
20251204,TBL,jonasjohansson,6.5,0.4088050314465409
20251204,NSH,juusesaros,6.0,0.6233894945490586
20251204,FLA,sergeibobrovsky,6.0,0.37661050545094155
20251204,COL,mackenzieblackwood,6.0,0.37661050545094155
20251204,NYI,ilyasorokin,6.0,0.6233894945490586
20251204,TOR,josephwoll,6.0,0.6385542168674698
20251204,CAR,frederikandersen,6.0,0.3614457831325302
20251204,DET,camtalbot,6.5,0.5217391304347826
20251204,CBJ,elvismerzlikins,6.5,0.4782608695652174
20251204,MIN,filipgustavsson,5.5,0.4782608695652174
20251204,CGY,dustinwolf,5.5,0.5217391304347826
20251204,SEA,joeydaccord,6.0,0.644729178800233
20251204,EDM,calvinpickard,6.0,0.35527082119976705
20251204,CHI,spencerknight,5.5,0.6507042253521127
20251204,LAK,darcykuemper,5.5,0.34929577464788736
20251205,VGK,akiraschmid,5.5,0.43795620437956206
20251205,NJD,jacobmarkstrom,5.5,0.562043795620438
20251205,BUF,ukkopekkaluukkonen,6.5,0.5217391304347826
20251205,WPG,ericcomrie,6.5,0.4782608695652174
20251205,SJS,yaroslavaskarov,6.0,0.7044334975369458
20251205,DAL,jakeoettinger,6.0,0.29556650246305427
20251205,UTA,karelvejmelka,6.5,0.447405997144217
20251205,VAN,kevinlankinen,6.5,0.552594002855783
20251205,WSH,loganthompson,6.5,0.447405997144217
20251205,ANA,villehusso,6.5,0.552594002855783
20251206,COL,mackenzieblackwood,6.0,0.39329934450109244
20251206,NYR,igorshesterkin,6.0,0.6067006554989074
20251206,CBJ,elvismerzlikins,6.5,0.6067006554989074
20251206,FLA,sergeibobrovsky,6.5,0.39329934450109244
20251206,NJD,jakeallen,5.5,0.4782608695652174
20251206,BOS,jeremyswayman,5.5,0.5217391304347826
20251206,MTL,jakubdobes,6.5,0.562043795620438
20251206,TOR,dennishildeby,6.5,0.43795620437956206
20251206,STL,joelhofer,5.5,0.574468085106383
20251206,OTT,linusullmark,5.5,0.4255319148936171
20251206,NYI,ilyasorokin,6.0,0.574468085106383
20251206,TBL,jonasjohansson,6.0,0.4255319148936171
20251206,NSH,juusesaros,6.0,0.6636481241914618
20251206,CAR,brandonbussi,6.0,0.33635187580853815
20251206,UTA,vitekvanecek,6.0,0.5324675324675325
20251206,CGY,dustinwolf,6.0,0.4675324675324675
20251206,CHI,spencerknight,5.5,0.6385542168674698
20251206,LAK,darcykuemper,5.5,0.3614457831325302
20251206,WPG,ericcomrie,6.5,0.6233894945490586
20251206,EDM,stuartskinner,6.5,0.37661050545094155
20251206,MIN,jesperwallstedt,6.0,0.4255319148936171
20251206,VAN,nikitatolopilo,6.0,0.574468085106383
20251206,DET,johngibson,6.0,0.4782608695652174
20251206,SEA,joeydaccord,6.0,0.5217391304347826
20251207,COL,mackenzieblackwood,6.0,0.39329934450109244
20251207,PHI,samuelersson,6.0,0.6067006554989074
20251207,NYI,davidrittich,6.0,0.5911949685534592
20251207,FLA,daniiltarasov,6.0,0.4088050314465409
20251207,SJS,alexnedeljkovic,6.0,0.732678320786015
20251207,CAR,pyotrkochetkov,6.0,0.2673216792139849
20251207,PIT,tristanjarry,6.0,0.6164383561643836
20251207,DAL,jakeoettinger,6.0,0.3835616438356164
20251207,STL,jordanbinnington,5.5,0.5427435387673957
20251207,MTL,jakubdobes,5.5,0.4572564612326044
20251207,VGK,carterhart,5.5,0.40090771558245086
20251207,NYR,jonathanquick,5.5,0.5990922844175491
20251207,CBJ,jetgreaves,6.5,0.6233894945490586
20251207,WSH,loganthompson,6.5,0.37661050545094155
20251207,CHI,arvidsoderblom,6.5,0.6301020408163266
20251207,ANA,villehusso,6.5,0.3698979591836735
20251208,TBL,jonasjohansson,6.5,0.4572564612326044
20251208,TOR,dennishildeby,6.5,0.5427435387673957
20251208,LAK,darcykuemper,5.5,0.5
20251208,UTA,karelvejmelka,5.5,0.5
20251208,BUF,ukkopekkaluukkonen,6.0,0.5
20251208,CGY,dustinwolf,6.0,0.5
20251208,DET,johngibson,6.5,0.4675324675324675
20251208,VAN,kevinlankinen,6.5,0.5324675324675325
20251208,MIN,filipgustavsson,5.5,0.447405997144217
20251208,SEA,philippgrubauer,5.5,0.552594002855783
20251209,TBL,jonasjohansson,6.5,0.5
20251209,MTL,jakubdobes,6.5,0.5
20251209,NJD,jacobmarkstrom,5.5,0.5829926410466066
20251209,OTT,linusullmark,5.5,0.4170073589533933
20251209,VGK,carterhart,5.5,0.43795620437956206
20251209,NYI,ilyasorokin,5.5,0.562043795620438
20251209,SJS,alexnedeljkovic,6.0,0.6164383561643836
20251209,PHI,danvladar,6.0,0.3835616438356164
20251209,ANA,villehusso,6.5,0.5
20251209,PIT,arturssilovs,6.5,0.5
20251209,CBJ,jetgreaves,6.5,0.6581196581196581
20251209,CAR,brandonbussi,6.5,0.3418803418803419
20251209,BOS,jeremyswayman,5.5,0.5427435387673957
20251209,STL,joelhofer,5.5,0.4572564612326044
20251209,DAL,caseydesmith,6.0,0.4255319148936171
20251209,WPG,ericcomrie,6.0,0.574468085106383
20251209,BUF,coltenellis,6.5,0.6507042253521127
20251209,EDM,stuartskinner,6.5,0.34929577464788736
20251209,COL,scottwedgewood,6.0,0.35527082119976705
20251209,NSH,juusesaros,6.0,0.644729178800233
20251210,NYR,igorshesterkin,6.0,0.4255319148936171
20251210,CHI,spencerknight,6.0,0.574468085106383
20251210,DET,johngibson,6.0,0.5
20251210,CGY,devincooley,6.0,0.5
20251210,FLA,sergeibobrovsky,5.5,0.5
20251210,UTA,karelvejmelka,5.5,0.5
20251210,LAK,antonforsberg,5.5,0.4255319148936171
20251210,SEA,joeydaccord,5.5,0.574468085106383
20251211,SJS,alexnedeljkovic,6.0,0.7510266940451745
20251211,TOR,dennishildeby,6.0,0.24897330595482545
20251211,TBL,jonasjohansson,6.0,0.19896875947831363
20251211,NJD,jacobmarkstrom,6.0,0.8010312405216865
20251211,ANA,villehusso,6.5,0.9041601128166188
20251211,NYI,davidrittich,6.5,0.09583988718338125
20251211,VGK,akiraschmid,5.5,0.4170073589533933
20251211,PHI,danvladar,5.5,0.5829926410466066
20251211,MTL,jacobfowler,6.5,0.38882307853111286
20251211,PIT,tristanjarry,6.5,0.6111769214688871
20251211,CAR,brandonbussi,6.0,0.5
20251211,WSH,loganthompson,6.0,0.5
20251211,OTT,linusullmark,6.5,0.10037776578521317
20251211,CBJ,elvismerzlikins,6.5,0.8996222342147868
20251211,STL,jordanbinnington,5.5,0.8103638368246968
20251211,NSH,juusesaros,5.5,0.1896361631753032
20251211,DAL,jakeoettinger,5.5,0.4693877551020409
20251211,MIN,filipgustavsson,5.5,0.5306122448979592
20251211,BOS,joonaskorpisalo,6.0,0.4065291037881121
20251211,WPG,ericcomrie,6.0,0.5934708962118879
20251211,DET,camtalbot,6.5,0.6164383561643836
20251211,EDM,stuartskinner,6.5,0.3835616438356164
20251211,FLA,daniiltarasov,6.5,0.6755725190839694
20251211,COL,mackenzieblackwood,6.5,0.32442748091603046
20251211,BUF,alexlyon,6.0,0.4891657638136511
20251211,VAN,thatcherdemko,6.0,0.5108342361863488
20251212,CHI,spencerknight,5.5,0.4891657638136511
20251212,STL,joelhofer,5.5,0.5108342361863488
20251212,SEA,philippgrubauer,5.5,0.6301020408163266
20251212,UTA,karelvejmelka,5.5,0.3698979591836735
20251213,ANA,lukasdostal,6.5,0.5101214574898786
20251213,NJD,jakeallen,6.5,0.48987854251012153
20251213,OTT,leevimerilainen,5.5,0.5217391304347826
20251213,MIN,jesperwallstedt,5.5,0.4782608695652174
20251213,SJS,yaroslavaskarov,6.0,0.6164383561643836
20251213,PIT,arturssilovs,6.0,0.3835616438356164
20251213,TBL,jonasjohansson,5.5,0.4572564612326044
20251213,NYI,ilyasorokin,5.5,0.5427435387673957
20251213,EDM,tristanjarry,6.5,0.4675324675324675
20251213,TOR,dennishildeby,6.5,0.5324675324675325
20251213,MTL,jacobfowler,5.5,0.552594002855783
20251213,NYR,igorshesterkin,5.5,0.447405997144217
20251213,CAR,pyotrkochetkov,6.0,0.37661050545094155
20251213,PHI,samuelersson,6.0,0.6233894945490586
20251213,VGK,carterhart,6.0,0.43795620437956206
20251213,CBJ,jetgreaves,6.0,0.562043795620438
20251213,WSH,loganthompson,5.5,0.4782608695652174
20251213,WPG,connorhellebuyck,5.5,0.5217391304347826
20251213,DET,johngibson,6.5,0.3698979591836735
20251213,CHI,arvidsoderblom,6.5,0.6301020408163266
20251213,FLA,sergeibobrovsky,5.5,0.552594002855783
20251213,DAL,jakeoettinger,5.5,0.447405997144217
20251213,NSH,justusannunen,6.5,0.7543125980135913
20251213,COL,scottwedgewood,6.5,0.2456874019864088
20251213,CGY,dustinwolf,5.5,0.6067006554989074
20251213,LAK,darcykuemper,5.5,0.39329934450109244
20251214,VAN,thatcherdemko,6.0,0.5324675324675325
20251214,NJD,jacobmarkstrom,6.0,0.4675324675324675
20251214,UTA,karelvejmelka,6.0,0.4572564612326044
20251214,PIT,sergeimurashov,6.0,0.5427435387673957
20251214,PHI,danvladar,5.5,0.6853932584269663
20251214,CAR,brandonbussi,5.5,0.31460674157303364
20251214,BOS,jeremyswayman,5.5,0.5427435387673957
20251214,MIN,filipgustavsson,5.5,0.4572564612326044
20251214,EDM,calvinpickard,6.5,0.447405997144217
20251214,MTL,jakubdobes,6.5,0.552594002855783
20251214,BUF,alexlyon,6.0,0.4572564612326044
20251214,SEA,joeydaccord,6.0,0.5427435387673957
20251215,FLA,sergeibobrovsky,6.0,0.5217391304347826
20251215,TBL,jonasjohansson,6.0,0.4782608695652174
20251215,ANA,lukasdostal,6.0,0.5108342361863488
20251215,NYR,igorshesterkin,6.0,0.4891657638136511
20251215,OTT,linusullmark,5.5,0.5427435387673957
20251215,WPG,connorhellebuyck,5.5,0.4572564612326044
20251215,NSH,juusesaros,5.5,0.4891657638136511
20251215,STL,joelhofer,5.5,0.5108342361863488
20251215,LAK,darcykuemper,5.5,0.5324675324675325
20251215,DAL,caseydesmith,5.5,0.4675324675324675
20251216,UTA,vitekvanecek,6.0,0.5108342361863488
20251216,BOS,jeremyswayman,6.0,0.4891657638136511
20251216,CHI,spencerknight,5.5,0.6385542168674698
20251216,TOR,josephwoll,5.5,0.3614457831325302
20251216,PHI,danvladar,5.5,0.5217391304347826
20251216,MTL,jacobfowler,5.5,0.4782608695652174
20251216,NYI,ilyasorokin,6.0,0.5324675324675325
20251216,DET,johngibson,6.0,0.4675324675324675
20251216,VAN,thatcherdemko,5.5,0.5217391304347826
20251216,NYR,jonathanquick,5.5,0.4782608695652174
20251216,ANA,villehusso,6.5,0.574468085106383
20251216,CBJ,jetgreaves,6.5,0.4255319148936171
20251216,EDM,tristanjarry,6.5,0.43795620437956206
20251216,PIT,stuartskinner,6.5,0.562043795620438
20251216,WSH,charlielindgren,6.0,0.5108342361863488
20251216,MIN,filipgustavsson,6.0,0.4891657638136511
20251216,CGY,dustinwolf,5.5,0.4170073589533933
20251216,SJS,yaroslavaskarov,5.5,0.5829926410466066
20251216,COL,mackenzieblackwood,6.0,0.2673216792139849
20251216,SEA,philippgrubauer,6.0,0.732678320786015
20251217,LAK,antonforsberg,5.5,0.574468085106383
20251217,FLA,daniiltarasov,5.5,0.4255319148936171
20251217,UTA,karelvejmelka,6.0,0.5217391304347826
20251217,DET,camtalbot,6.0,0.4782608695652174
20251217,WPG,connorhellebuyck,5.5,0.44362292051756
20251217,STL,joelhofer,5.5,0.5563770794824399
20251217,CAR,pyotrkochetkov,6.0,0.3835616438356164
20251217,NSH,juusesaros,6.0,0.6164383561643836
20251217,NJD,jakeallen,5.5,0.5990922844175491
20251217,VGK,carterhart,5.5,0.40090771558245086
20251218,EDM,tristanjarry,6.5,0.447405997144217
20251218,BOS,jeremyswayman,6.5,0.552594002855783
20251218,CHI,spencerknight,5.5,0.6233894945490586
20251218,MTL,jakubdobes,5.5,0.37661050545094155
20251218,PIT,arturssilovs,6.5,0.5990922844175491
20251218,OTT,linusullmark,6.5,0.40090771558245086
20251218,LAK,antonforsberg,5.5,0.6690070210631895
20251218,TBL,andreivasilevskiy,5.5,0.33099297893681046
20251218,TOR,dennishildeby,6.0,0.5829926410466066
20251218,WSH,loganthompson,6.0,0.4170073589533933
20251218,MIN,jesperwallstedt,6.0,0.4891657638136511
20251218,CBJ,jetgreaves,6.0,0.5108342361863488
20251218,PHI,samuelersson,6.0,0.574468085106383
20251218,BUF,alexlyon,6.0,0.4255319148936171
20251218,NYR,igorshesterkin,5.5,0.43795620437956206
20251218,STL,jordanbinnington,5.5,0.562043795620438
20251218,SEA,joeydaccord,5.5,0.6067006554989074
20251218,CGY,dustinwolf,5.5,0.39329934450109244
20251218,DAL,jakeoettinger,6.0,0.3614457831325302
20251218,SJS,alexnedeljkovic,6.0,0.6385542168674698
20251219,CAR,brandonbussi,6.0,0.2951753071621217
20251219,FLA,sergeibobrovsky,6.0,0.7048246928378784
20251219,VAN,thatcherdemko,5.5,0.054565099945975144
20251219,NYI,ilyasorokin,5.5,0.9454349000540249
20251219,WPG,connorhellebuyck,6.0,0.6581196581196581
20251219,COL,scottwedgewood,6.0,0.3418803418803419
20251219,NJD,jacobmarkstrom,5.5,0.562043795620438
20251219,UTA,karelvejmelka,5.5,0.43795620437956206
20251219,DAL,caseydesmith,6.5,0.5108342361863488
20251219,ANA,lukasdostal,6.5,0.4891657638136511
20251220,PHI,samuelersson,5.5,0.5829926410466066
20251220,NYR,igorshesterkin,5.5,0.4170073589533933
20251220,DET,johngibson,5.5,0.5911949685534592
20251220,WSH,loganthompson,5.5,0.4088050314465409
20251220,CHI,arvidsoderblom,5.5,0.7044334975369458
20251220,OTT,leevimerilainen,5.5,0.29556650246305427
20251220,EDM,calvinpickard,6.5,0.5427435387673957
20251220,MIN,filipgustavsson,6.5,0.4572564612326044
20251220,NYI,davidrittich,6.0,0.7142064372918978
20251220,BUF,alexlyon,6.0,0.2857935627081021
20251220,STL,joelhofer,5.5,0.6164383561643836
20251220,FLA,daniiltarasov,5.5,0.3835616438356164
20251220,VAN,kevinlankinen,5.5,0.6301020408163266
20251220,BOS,jeremyswayman,5.5,0.3698979591836735
20251220,PIT,stuartskinner,6.5,0.552594002855783
20251220,MTL,jacobfowler,6.5,0.447405997144217
20251220,CAR,pyotrkochetkov,5.5,0.5427435387673957
20251220,TBL,andreivasilevskiy,5.5,0.4572564612326044
20251220,TOR,josephwoll,6.0,0.32336905433352137
20251220,NSH,juusesaros,6.0,0.6766309456664787
20251220,VGK,akiraschmid,5.5,0.4572564612326044
20251220,CGY,devincooley,5.5,0.5427435387673957
20251220,CBJ,elvismerzlikins,6.5,0.5108342361863488
20251220,ANA,lukasdostal,6.5,0.4891657638136511
20251220,SEA,joeydaccord,6.0,0.5324675324675325
20251220,SJS,yaroslavaskarov,6.0,0.4675324675324675
20251221,WSH,charlielindgren,6.0,0.5108342361863488
20251221,DET,camtalbot,6.0,0.4891657638136511
20251221,COL,mackenzieblackwood,6.0,0.39329934450109244
20251221,MIN,jesperwallstedt,6.0,0.6067006554989074
20251221,OTT,linusullmark,6.0,0.4255319148936171
20251221,BOS,joonaskorpisalo,6.0,0.574468085106383
20251221,BUF,ukkopekkaluukkonen,6.5,0.6164383561643836
20251221,NJD,jakeallen,6.5,0.3835616438356164
20251221,MTL,jakubdobes,6.5,0.5
20251221,PIT,arturssilovs,6.5,0.5
20251221,NYR,jonathanquick,6.0,0.5
20251221,NSH,justusannunen,6.0,0.5
20251221,TOR,dennishildeby,6.0,0.6581196581196581
20251221,DAL,jakeoettinger,6.0,0.3418803418803419
20251221,WPG,connorhellebuyck,5.5,0.5217391304347826
20251221,UTA,karelvejmelka,5.5,0.4782608695652174
20251221,VGK,carterhart,6.5,0.5324675324675325
20251221,EDM,connoringram,6.5,0.4675324675324675
20251222,STL,jordanbinnington,5.5,0.6853932584269663
20251222,TBL,andreivasilevskiy,5.5,0.31460674157303364
20251222,VAN,thatcherdemko,5.5,0.5306122448979592
20251222,PHI,danvladar,5.5,0.4693877551020409
20251222,SEA,philippgrubauer,6.5,0.5912408759124087
20251222,ANA,lukasdostal,6.5,0.4087591240875912
20251222,CBJ,jetgreaves,5.5,0.5911949685534592
20251222,LAK,antonforsberg,5.5,0.4088050314465409
20251223,PIT,stuartskinner,6.5,0.7307110438729199
20251223,TOR,josephwoll,6.5,0.26928895612708015
20251223,DAL,caseydesmith,6.0,0.4675324675324675
20251223,DET,johngibson,6.0,0.5324675324675325
20251223,NYR,igorshesterkin,5.5,0.5306122448979592
20251223,WSH,loganthompson,5.5,0.4693877551020409
20251223,MTL,jacobfowler,6.0,0.5217391304347826
20251223,BOS,jeremyswayman,6.0,0.4782608695652174
20251223,BUF,alexlyon,6.5,0.6067006554989074
20251223,OTT,linusullmark,6.5,0.39329934450109244
20251223,NJD,jacobmarkstrom,5.5,0.4572564612326044
20251223,NYI,davidrittich,5.5,0.5427435387673957
20251223,FLA,sergeibobrovsky,6.0,0.562043795620438
20251223,CAR,frederikandersen,6.0,0.43795620437956206
20251223,NSH,juusesaros,6.0,0.6233894945490586
20251223,MIN,filipgustavsson,6.0,0.37661050545094155
20251223,PHI,samuelersson,5.5,0.4782608695652174
20251223,CHI,spencerknight,5.5,0.5217391304347826
20251223,UTA,vitekvanecek,6.0,0.7001620745542949
20251223,COL,scottwedgewood,6.0,0.299837925445705
20251223,CGY,dustinwolf,6.5,0.574468085106383
20251223,EDM,connoringram,6.5,0.4255319148936171
20251223,SJS,yaroslavaskarov,6.0,0.644729178800233
20251223,VGK,carterhart,6.0,0.35527082119976705
20251223,SEA,joeydaccord,5.5,0.6581196581196581
20251223,LAK,pheonixcopley,5.5,0.3418803418803419
20251227,NYR,igorshesterkin,5.5,0.4891657638136511
20251227,NYI,davidrittich,5.5,0.5108342361863488
20251227,BOS,joonaskorpisalo,6.5,0.5427435387673957
20251227,BUF,ukkopekkaluukkonen,6.5,0.4572564612326044
20251227,OTT,linusullmark,6.0,0.4572564612326044
20251227,TOR,josephwoll,6.0,0.5427435387673957
20251227,TBL,andreivasilevskiy,5.5,0.3903345724907063
20251227,FLA,sergeibobrovsky,5.5,0.6096654275092936
20251227,WSH,loganthompson,5.5,0.5217391304347826
20251227,NJD,jakeallen,5.5,0.4782608695652174
20251227,DET,johngibson,6.0,0.6067006554989074
20251227,CAR,brandonbussi,6.0,0.39329934450109244
20251227,MIN,jesperwallstedt,5.5,0.6051654809774204
20251227,WPG,connorhellebuyck,5.5,0.39483451902257966
20251227,NSH,juusesaros,5.5,0.5108342361863488
20251227,STL,joelhofer,5.5,0.4891657638136511
20251227,CHI,arvidsoderblom,5.5,0.7483588621444202
20251227,DAL,jakeoettinger,5.5,0.25164113785557984
20251227,ANA,lukasdostal,6.0,0.5324675324675325
20251227,LAK,antonforsberg,6.0,0.4675324675324675
20251227,EDM,connoringram,6.5,0.4170073589533933
20251227,CGY,dustinwolf,6.5,0.5829926410466066
20251227,SJS,yaroslavaskarov,6.0,0.562043795620438
20251227,VAN,thatcherdemko,6.0,0.43795620437956206
20251227,COL,scottwedgewood,6.0,0.4088050314465409
20251227,VGK,carterhart,6.0,0.5911949685534592
20251228,MTL,jacobfowler,6.5,0.562043795620438
20251228,TBL,jonasjohansson,6.5,0.43795620437956206
20251228,NYI,davidrittich,6.0,0.562043795620438
20251228,CBJ,jetgreaves,6.0,0.43795620437956206
20251228,TOR,dennishildeby,6.5,0.552594002855783
20251228,DET,camtalbot,6.5,0.447405997144217
20251228,PIT,arturssilovs,6.0,0.4170073589533933
20251228,CHI,spencerknight,6.0,0.5829926410466066
20251228,PHI,danvladar,5.5,0.43795620437956206
20251228,SEA,philippgrubauer,5.5,0.562043795620438
20251229,WSH,loganthompson,5.5,0.8741258741258741
20251229,FLA,sergeibobrovsky,5.5,0.12587412587412586
20251229,NYR,igorshesterkin,5.5,0.6164383561643836
20251229,CAR,brandonbussi,5.5,0.3835616438356164
20251229,CBJ,jetgreaves,6.5,0.6581196581196581
20251229,OTT,leevimerilainen,6.5,0.3418803418803419
20251229,EDM,calvinpickard,6.5,0.4891657638136511
20251229,WPG,connorhellebuyck,6.5,0.5108342361863488
20251229,BUF,alexlyon,6.0,0.4891657638136511
20251229,STL,joelhofer,6.0,0.5108342361863488
20251229,LAK,antonforsberg,6.0,0.6690070210631895
20251229,COL,mackenzieblackwood,6.0,0.33099297893681046
20251229,NSH,juusesaros,5.5,0.562043795620438
20251229,UTA,vitekvanecek,5.5,0.43795620437956206
20251229,BOS,jeremyswayman,6.0,0.5427435387673957
20251229,CGY,dustinwolf,6.0,0.4572564612326044
20251229,MIN,filipgustavsson,6.0,0.5
20251229,VGK,carterhart,6.0,0.5
20251229,SJS,yaroslavaskarov,6.5,0.6067006554989074
20251229,ANA,lukasdostal,6.5,0.39329934450109244
20251229,VAN,kevinlankinen,5.5,0.4782608695652174
20251229,SEA,joeydaccord,5.5,0.5217391304347826
20251230,NJD,jacobmarkstrom,5.5,0.43795620437956206
20251230,TOR,josephwoll,5.5,0.562043795620438
20251230,MTL,samuelmontembeault,6.5,0.5101214574898786
20251230,FLA,daniiltarasov,6.5,0.48987854251012153
20251230,CAR,frederikandersen,6.5,0.4572564612326044
20251230,PIT,stuartskinner,6.5,0.5427435387673957
20251230,NYI,davidrittich,5.5,0.17967789165446557
20251230,CHI,spencerknight,5.5,0.8203221083455344
20251230,PHI,danvladar,5.5,0.4255319148936171
20251230,VAN,thatcherdemko,5.5,0.574468085106383
20251231,NYR,jonathanquick,5.5,0.574468085106383
20251231,WSH,charlielindgren,5.5,0.4255319148936171
20251231,NSH,justusannunen,6.0,0.6067006554989074
20251231,VGK,akiraschmid,6.0,0.39329934450109244
20251231,TBL,andreivasilevskiy,6.5,0.4170073589533933
20251231,ANA,lukasdostal,6.5,0.5829926410466066
20251231,MIN,jesperwallstedt,6.5,0.3835616438356164
20251231,SJS,yaroslavaskarov,6.5,0.6164383561643836
20251231,WPG,connorhellebuyck,6.0,0.4782608695652174
20251231,DET,johngibson,6.0,0.5217391304347826
20251231,NJD,jakeallen,6.0,0.5217391304347826
20251231,CBJ,jetgreaves,6.0,0.4782608695652174
20251231,BUF,ukkopekkaluukkonen,6.0,0.574468085106383
20251231,DAL,caseydesmith,6.0,0.4255319148936171
20251231,STL,jordanbinnington,6.0,0.7543125980135913
20251231,COL,mackenzieblackwood,6.0,0.2456874019864088
20251231,PHI,samuelersson,5.5,0.552594002855783
20251231,CGY,dustinwolf,5.5,0.447405997144217
20251231,BOS,jeremyswayman,6.5,0.6164383561643836
20251231,EDM,connoringram,6.5,0.3835616438356164
20260101,WSH,loganthompson,6.0,0.574468085106383
20260101,OTT,leevimerilainen,6.0,0.4255319148936171
20260101,UTA,karelvejmelka,5.5,0.4782608695652174
20260101,NYI,davidrittich,5.5,0.5217391304347826
20260101,WPG,ericcomrie,6.0,0.5427435387673957
20260101,TOR,josephwoll,6.0,0.4572564612326044
20260101,DET,camtalbot,6.5,0.552594002855783
20260101,PIT,arturssilovs,6.5,0.447405997144217
20260101,MTL,jakubdobes,6.0,0.5911949685534592
20260101,CAR,brandonbussi,6.0,0.4088050314465409
20260101,TBL,jonasjohansson,5.5,0.5217391304347826
20260101,LAK,darcykuemper,5.5,0.4782608695652174
20260101,DAL,jakeoettinger,5.5,0.37661050545094155
20260101,CHI,spencerknight,5.5,0.6233894945490586
20260101,NSH,juusesaros,5.5,0.4891657638136511
20260101,SEA,philippgrubauer,5.5,0.5108342361863488
20260102,VGK,carterhart,5.5,0.4170073589533933
20260102,STL,joelhofer,5.5,0.5829926410466066
20260102,NYR,igorshesterkin,5.5,0.562043795620438
20260102,FLA,sergeibobrovsky,5.5,0.43795620437956206
20260102,SEA,joeydaccord,5.5,0.562043795620438
20260102,VAN,thatcherdemko,5.5,0.43795620437956206
20260102,MIN,filipgustavsson,6.5,0.4572564612326044
20260102,ANA,lukasdostal,6.5,0.5427435387673957
20260103,PIT,stuartskinner,6.5,0.552594002855783
20260103,DET,johngibson,6.5,0.447405997144217
20260103,UTA,karelvejmelka,5.5,0.5108342361863488
20260103,NJD,jacobmarkstrom,5.5,0.4891657638136511
20260103,BUF,ukkopekkaluukkonen,6.5,0.5
20260103,CBJ,jetgreaves,6.5,0.5
20260103,PHI,danvladar,6.5,0.574468085106383
20260103,EDM,calvinpickard,6.5,0.4255319148936171
20260103,MTL,jacobfowler,6.0,0.40090771558245086
20260103,STL,jordanbinnington,6.0,0.5990922844175491
20260103,TBL,andreivasilevskiy,6.0,0.3418803418803419
20260103,SJS,yaroslavaskarov,6.0,0.6581196581196581
20260103,WPG,connorhellebuyck,5.5,0.5217391304347826
20260103,OTT,leevimerilainen,5.5,0.4782608695652174
20260103,TOR,josephwoll,5.5,0.4891657638136511
20260103,NYI,davidrittich,5.5,0.5108342361863488
20260103,CHI,spencerknight,5.5,0.6912521440823327
20260103,WSH,loganthompson,5.5,0.30874785591766724
20260103,COL,scottwedgewood,6.5,0.4255319148936171
20260103,CAR,frederikandersen,6.5,0.574468085106383
20260103,NSH,juusesaros,5.5,0.5108342361863488
20260103,CGY,dustinwolf,5.5,0.4891657638136511
20260103,MIN,jesperwallstedt,5.5,0.5324675324675325
20260103,LAK,darcykuemper,5.5,0.4675324675324675
20260103,BOS,jeremyswayman,6.0,0.447405997144217
20260103,VAN,kevinlankinen,6.0,0.552594002855783
20260104,MTL,samuelmontembeault,6.5,0.6233894945490586
20260104,DAL,jakeoettinger,6.5,0.37661050545094155
20260104,PIT,arturssilovs,6.5,0.5427435387673957
20260104,CBJ,jetgreaves,6.5,0.4572564612326044
20260104,COL,scottwedgewood,6.5,0.4255319148936171
20260104,FLA,daniiltarasov,6.5,0.574468085106383
20260104,CAR,brandonbussi,6.0,0.4675324675324675
20260104,NJD,jakeallen,6.0,0.5324675324675325
20260104,VGK,akiraschmid,6.0,0.30874785591766724
20260104,CHI,arvidsoderblom,6.0,0.6912521440823327
20260105,UTA,karelvejmelka,5.5,0.5
20260105,NYR,igorshesterkin,5.5,0.5
20260105,ANA,petrmrazek,6.5,0.5427435387673957
20260105,WSH,charlielindgren,6.5,0.4572564612326044
20260105,DET,johngibson,6.0,0.5911949685534592
20260105,OTT,leevimerilainen,6.0,0.4088050314465409
20260105,SEA,philippgrubauer,5.5,0.574468085106383
20260105,CGY,dustinwolf,5.5,0.4255319148936171
20260105,MIN,filipgustavsson,5.5,0.4782608695652174
20260105,LAK,darcykuemper,5.5,0.5217391304347826
20260106,VAN,thatcherdemko,6.0,0.5990922844175491
20260106,BUF,ukkopekkaluukkonen,6.0,0.40090771558245086
20260106,COL,scottwedgewood,6.5,0.4891657638136511
20260106,TBL,andreivasilevskiy,6.5,0.5108342361863488
20260106,ANA,lukasdostal,6.5,0.562043795620438
20260106,PHI,danvladar,6.5,0.43795620437956206
20260106,DAL,jakeoettinger,6.0,0.552594002855783
20260106,CAR,brandonbussi,6.0,0.447405997144217
20260106,NJD,jacobmarkstrom,5.5,0.4675324675324675
20260106,NYI,ilyasorokin,5.5,0.5324675324675325
20260106,FLA,sergeibobrovsky,6.0,0.4572564612326044
20260106,TOR,josephwoll,6.0,0.5427435387673957
20260106,VGK,carterhart,5.5,0.5108342361863488
20260106,WPG,connorhellebuyck,5.5,0.4891657638136511
20260106,NSH,juusesaros,6.5,0.562043795620438
20260106,EDM,connoringram,6.5,0.43795620437956206
20260106,CBJ,jetgreaves,6.5,0.43795620437956206
20260106,SJS,alexnedeljkovic,6.5,0.562043795620438
20260106,BOS,jeremyswayman,5.5,0.4675324675324675
20260106,SEA,joeydaccord,5.5,0.5324675324675325
20260107,DAL,caseydesmith,6.5,0.5108342361863488
20260107,WSH,loganthompson,6.5,0.4891657638136511
20260107,CGY,dustinwolf,6.0,0.552594002855783
20260107,MTL,jacobfowler,6.0,0.447405997144217
20260107,STL,jordanbinnington,5.5,0.4782608695652174
20260107,CHI,spencerknight,5.5,0.5217391304347826
20260107,OTT,leevimerilainen,6.0,0.5108342361863488
20260107,UTA,karelvejmelka,6.0,0.4891657638136511
20260107,SJS,yaroslavaskarov,6.0,0.6690070210631895
20260107,LAK,darcykuemper,6.0,0.33099297893681046
20260108,CGY,dustinwolf,6.5,0.5427435387673957
20260108,BOS,joonaskorpisalo,6.5,0.4572564612326044
20260108,FLA,sergeibobrovsky,6.0,0.4891657638136511
20260108,MTL,samuelmontembeault,6.0,0.5108342361863488
20260108,VAN,kevinlankinen,6.0,0.574468085106383
20260108,DET,johngibson,6.0,0.4255319148936171
20260108,BUF,coltenellis,6.0,0.4675324675324675
20260108,NYR,jonathanquick,6.0,0.5324675324675325
20260108,TOR,dennishildeby,6.0,0.5427435387673957
20260108,PHI,danvladar,6.0,0.4572564612326044
20260108,NJD,jakeallen,6.0,0.5108342361863488
20260108,PIT,stuartskinner,6.0,0.4891657638136511
20260108,ANA,villehusso,6.5,0.6636481241914618
20260108,CAR,frederikandersen,6.5,0.33635187580853815
20260108,NYI,davidrittich,5.5,0.5324675324675325
20260108,NSH,juusesaros,5.5,0.4675324675324675
20260108,EDM,calvinpickard,6.0,0.4891657638136511
20260108,WPG,connorhellebuyck,6.0,0.5108342361863488
20260108,OTT,leevimerilainen,6.5,0.7001620745542949
20260108,COL,scottwedgewood,6.5,0.299837925445705
20260108,CBJ,jetgreaves,6.5,0.574468085106383
20260108,VGK,carterhart,6.5,0.4255319148936171
20260108,MIN,jesperwallstedt,6.0,0.40090771558245086
20260108,SEA,philippgrubauer,6.0,0.5990922844175491
20260109,WSH,loganthompson,6.0,0.4572564612326044
20260109,CHI,drewcommesso,6.0,0.5427435387673957
20260109,LAK,darcykuemper,5.5,0.447405997144217
20260109,WPG,ericcomrie,5.5,0.552594002855783
20260109,STL,joelhofer,5.5,0.6301020408163266
20260109,UTA,karelvejmelka,5.5,0.3698979591836735
20260110,NYR,jonathanquick,6.0,0.5427435387673957
20260110,BOS,jeremyswayman,6.0,0.4572564612326044
20260110,CGY,devincooley,6.0,0.5911949685534592
20260110,PIT,arturssilovs,6.0,0.4088050314465409
20260110,CBJ,elvismerzlikins,6.5,0.7135512302607419
20260110,COL,trentminer,6.5,0.28644876973925815
20260110,DAL,caseydesmith,6.5,0.4088050314465409
20260110,SJS,alexnedeljkovic,6.5,0.5911949685534592
20260110,ANA,lukasdostal,6.5,0.574468085106383
20260110,BUF,ukkopekkaluukkonen,6.5,0.4255319148936171
20260110,VAN,thatcherdemko,6.0,0.5911949685534592
20260110,TOR,josephwoll,6.0,0.4088050314465409
20260110,DET,johngibson,6.0,0.552594002855783
20260110,MTL,jacobfowler,6.0,0.447405997144217
20260110,FLA,sergeibobrovsky,6.0,0.5
20260110,OTT,leevimerilainen,6.0,0.5
20260110,TBL,andreivasilevskiy,6.0,0.37661050545094155
20260110,PHI,samuelersson,6.0,0.6233894945490586
20260110,SEA,joeydaccord,6.0,0.6371347785108389
20260110,CAR,brandonbussi,6.0,0.3628652214891612
20260110,CHI,drewcommesso,6.5,0.43169209431345357
20260110,NSH,juusesaros,6.5,0.5683079056865465
20260110,NYI,ilyasorokin,5.5,0.7510266940451745
20260110,MIN,filipgustavsson,5.5,0.24897330595482545
20260110,LAK,antonforsberg,6.5,0.6233894945490586
20260110,EDM,connoringram,6.5,0.37661050545094155
20260110,STL,jordanbinnington,5.5,0.7044334975369458
20260110,VGK,akiraschmid,5.5,0.29556650246305427
20260111,NJD,jakeallen,5.5,0.5427435387673957
20260111,WPG,connorhellebuyck,5.5,0.4572564612326044
20260111,PIT,stuartskinner,6.5,0.4891657638136511
20260111,BOS,joonaskorpisalo,6.5,0.5108342361863488
20260111,WSH,charlielindgren,6.0,0.4572564612326044
20260111,NSH,justusannunen,6.0,0.5427435387673957
20260111,CBJ,jetgreaves,6.0,0.5911949685534592
20260111,UTA,vitekvanecek,6.0,0.4088050314465409
20260111,VGK,carllindbom,6.5,0.43795620437956206
20260111,SJS,yaroslavaskarov,6.5,0.562043795620438
20260112,FLA,sergeibobrovsky,6.0,0.5108342361863488
20260112,BUF,coltenellis,6.0,0.4891657638136511
20260112,CAR,frederikandersen,6.0,0.4255319148936171
20260112,DET,johngibson,6.0,0.574468085106383
20260112,SEA,philippgrubauer,6.0,0.552594002855783
20260112,NYR,jonathanquick,6.0,0.447405997144217
20260112,TBL,jonasjohansson,6.0,0.43795620437956206
20260112,PHI,danvladar,6.0,0.562043795620438
20260112,VAN,nikitatolopilo,6.5,0.6385542168674698
20260112,MTL,jakubdobes,6.5,0.3614457831325302
20260112,NJD,jacobmarkstrom,6.0,0.6067006554989074
20260112,MIN,jesperwallstedt,6.0,0.39329934450109244
20260112,EDM,connoringram,6.5,0.3835616438356164
20260112,CHI,spencerknight,6.5,0.6164383561643836
20260112,TOR,josephwoll,6.5,0.6805555555555556
20260112,COL,trentminer,6.5,0.3194444444444444
20260112,DAL,jakeoettinger,6.0,0.4782608695652174
20260112,LAK,darcykuemper,6.0,0.5217391304347826
20260113,VAN,kevinlankinen,6.5,0.6690070210631895
20260113,OTT,leevimerilainen,6.5,0.33099297893681046
20260113,TBL,andreivasilevskiy,6.0,0.43795620437956206
20260113,PIT,arturssilovs,6.0,0.562043795620438
20260113,MTL,samuelmontembeault,6.0,0.552594002855783
20260113,WSH,loganthompson,6.0,0.447405997144217
20260113,CGY,dustinwolf,6.0,0.8203221083455344
20260113,CBJ,jetgreaves,6.0,0.17967789165446557
20260113,DET,camtalbot,6.0,0.574468085106383
20260113,BOS,jeremyswayman,6.0,0.4255319148936171
20260113,CAR,brandonbussi,6.0,0.39329934450109244
20260113,STL,joelhofer,6.0,0.6067006554989074
20260113,EDM,tristanjarry,6.5,0.4572564612326044
20260113,NSH,juusesaros,6.5,0.5427435387673957
20260113,NYI,ilyasorokin,5.5,0.552594002855783
20260113,WPG,connorhellebuyck,5.5,0.447405997144217
20260113,TOR,dennishildeby,6.0,0.5990922844175491
20260113,UTA,karelvejmelka,6.0,0.40090771558245086
20260113,DAL,caseydesmith,6.5,0.4675324675324675
20260113,ANA,lukasdostal,6.5,0.5324675324675325
20260114,SEA,philippgrubauer,6.0,0.551293986222305
20260114,NJD,jacobmarkstrom,6.0,0.448706013777695
20260114,PHI,danvladar,6.0,0.8357510749893683
20260114,BUF,ukkopekkaluukkonen,6.0,0.16424892501063176
20260114,OTT,leevimerilainen,6.0,0.4782608695652174
20260114,NYR,jonathanquick,6.0,0.5217391304347826
20260114,VGK,akiraschmid,5.5,0.5
20260114,LAK,darcykuemper,5.5,0.5
20260115,MTL,jacobfowler,6.5,0.4675324675324675
20260115,BUF,coltenellis,6.5,0.5324675324675325
20260115,PHI,samuelersson,6.0,0.6067006554989074
20260115,PIT,stuartskinner,6.0,0.39329934450109244
20260115,SJS,alexnedeljkovic,6.5,0.6067006554989074
20260115,WSH,loganthompson,6.5,0.39329934450109244
20260115,VAN,kevinlankinen,6.5,0.5990922844175491
20260115,CBJ,elvismerzlikins,6.5,0.40090771558245086
20260115,SEA,joeydaccord,6.0,0.6067006554989074
20260115,BOS,jeremyswayman,6.0,0.39329934450109244
20260115,WPG,connorhellebuyck,5.5,0.552594002855783
20260115,MIN,jesperwallstedt,5.5,0.447405997144217
20260115,CGY,devincooley,6.0,0.5217391304347826
20260115,CHI,spencerknight,6.0,0.4782608695652174
20260115,DAL,jakeoettinger,6.0,0.5427435387673957
20260115,UTA,karelvejmelka,6.0,0.4572564612326044
20260115,NYI,ilyasorokin,6.5,0.6067006554989074
20260115,EDM,connoringram,6.5,0.39329934450109244
20260115,TOR,josephwoll,6.0,0.5324675324675325
20260115,VGK,adinhill,6.0,0.4675324675324675
20260116,SJS,yaroslavaskarov,6.5,0.5990922844175491
20260116,DET,johngibson,6.5,0.40090771558245086
20260116,FLA,sergeibobrovsky,6.0,0.6164383561643836
20260116,CAR,brandonbussi,6.0,0.3835616438356164
20260116,TBL,andreivasilevskiy,5.5,0.35527082119976705
20260116,STL,joelhofer,5.5,0.644729178800233
20260116,NSH,juusesaros,6.5,0.725752508361204
20260116,COL,mackenzieblackwood,6.5,0.27424749163879597
20260116,ANA,lukasdostal,6.0,0.574468085106383
20260116,LAK,darcykuemper,6.0,0.4255319148936171
20260117,MIN,filipgustavsson,6.0,0.5324675324675325
20260117,BUF,ukkopekkaluukkonen,6.0,0.4675324675324675
20260117,NYR,spencermartin,6.0,0.5324675324675325
20260117,PHI,alekseikolosov,6.0,0.4675324675324675
20260117,NYI,davidrittich,5.5,0.5324675324675325
20260117,CGY,dustinwolf,5.5,0.4675324675324675
20260117,SEA,philippgrubauer,5.5,0.644729178800233
20260117,UTA,karelvejmelka,5.5,0.35527082119976705
20260117,MTL,samuelmontembeault,6.5,0.5217391304347826
20260117,OTT,leevimerilainen,6.5,0.4782608695652174
20260117,CAR,frederikandersen,6.5,0.4891657638136511
20260117,NJD,jacobmarkstrom,6.5,0.5108342361863488
20260117,CBJ,elvismerzlikins,6.5,0.5324675324675325
20260117,PIT,arturssilovs,6.5,0.4675324675324675
20260117,FLA,daniiltarasov,6.0,0.5911949685534592
20260117,WSH,loganthompson,6.0,0.4088050314465409
20260117,TOR,dennishildeby,6.0,0.574468085106383
20260117,WPG,connorhellebuyck,6.0,0.4255319148936171
20260117,BOS,joonaskorpisalo,6.5,0.4782608695652174
20260117,CHI,arvidsoderblom,6.5,0.5217391304347826
20260117,EDM,tristanjarry,6.5,0.37661050545094155
20260117,VAN,nikitatolopilo,6.5,0.6233894945490586
20260117,NSH,justusannunen,6.5,0.6581196581196581
20260117,VGK,akiraschmid,6.5,0.3418803418803419
20260117,LAK,antonforsberg,6.5,0.4782608695652174
20260117,ANA,villehusso,6.5,0.5217391304347826
20260118,TBL,andreivasilevskiy,6.0,0.4782608695652174
20260118,DAL,jakeoettinger,6.0,0.5217391304347826
20260118,OTT,jamesreimer,6.5,0.5324675324675325
20260118,DET,johngibson,6.5,0.4675324675324675
20260118,STL,jordanbinnington,6.5,0.5911949685534592
20260118,EDM,connoringram,6.5,0.4088050314465409
20260119,BUF,ukkopekkaluukkonen,6.5,0.6233894945490586
20260119,CAR,brandonbussi,6.5,0.37661050545094155
20260119,WSH,charlielindgren,6.5,0.6507042253521127
20260119,COL,scottwedgewood,6.5,0.34929577464788736
20260119,PIT,stuartskinner,6.0,0.4572564612326044
20260119,SEA,joeydaccord,6.0,0.5427435387673957
20260119,SJS,alexnedeljkovic,6.5,0.6164383561643836
20260119,FLA,sergeibobrovsky,6.5,0.3835616438356164
20260119,MIN,filipgustavsson,6.0,0.5
20260119,TOR,josephwoll,6.0,0.5
20260119,PHI,samuelersson,6.5,0.6636481241914618
20260119,VGK,adinhill,6.5,0.33635187580853815
20260119,WPG,connorhellebuyck,6.0,0.4255319148936171
20260119,CHI,spencerknight,6.0,0.574468085106383
20260119,NJD,jacobmarkstrom,6.0,0.4782608695652174
20260119,CGY,devincooley,6.0,0.5217391304347826
20260119,NYI,ilyasorokin,5.5,0.4170073589533933
20260119,VAN,kevinlankinen,5.5,0.5829926410466066
20260119,NYR,spencermartin,6.5,0.574468085106383
20260119,ANA,lukasdostal,6.5,0.4255319148936171
20260120,MIN,jesperwallstedt,6.5,0.552594002855783
20260120,MTL,jakubdobes,6.5,0.447405997144217
20260120,SJS,yaroslavaskarov,6.5,0.725752508361204
20260120,TBL,andreivasilevskiy,6.5,0.27424749163879597
20260120,OTT,jamesreimer,6.5,0.4891657638136511
20260120,CBJ,elvismerzlikins,6.5,0.5108342361863488
20260120,BOS,jeremyswayman,6.0,0.552594002855783
20260120,DAL,jakeoettinger,6.0,0.447405997144217
20260120,BUF,alexlyon,6.5,0.552594002855783
20260120,NSH,juusesaros,6.5,0.447405997144217
20260120,STL,joelhofer,6.0,0.5324675324675325
20260120,WPG,ericcomrie,6.0,0.4675324675324675
20260120,NJD,jakeallen,6.5,0.6164383561643836
20260120,EDM,tristanjarry,6.5,0.3835616438356164
20260120,NYR,jonathanquick,5.5,0.6233894945490586
20260120,LAK,darcykuemper,5.5,0.37661050545094155
20260121,DET,johngibson,6.5,0.5427435387673957
20260121,TOR,josephwoll,6.5,0.4572564612326044
20260121,ANA,lukasdostal,6.5,0.740871613663133
20260121,COL,scottwedgewood,6.5,0.2591283863368669
20260121,PHI,samuelersson,6.0,0.6233894945490586
20260121,UTA,karelvejmelka,6.0,0.37661050545094155
20260121,PIT,stuartskinner,6.0,0.4572564612326044
20260121,CGY,dustinwolf,6.0,0.5427435387673957
20260121,NYI,ilyasorokin,5.5,0.4891657638136511
20260121,SEA,philippgrubauer,5.5,0.5108342361863488
20260121,WSH,loganthompson,6.0,0.39329934450109244
20260121,VAN,kevinlankinen,6.0,0.6067006554989074
20260122,VGK,akiraschmid,6.0,0.4255319148936171
20260122,BOS,joonaskorpisalo,6.0,0.574468085106383
20260122,BUF,ukkopekkaluukkonen,6.5,0.5217391304347826
20260122,MTL,samuelmontembeault,6.5,0.4782608695652174
20260122,CHI,spencerknight,6.0,0.7183098591549295
20260122,CAR,frederikandersen,6.0,0.28169014084507044
20260122,DAL,caseydesmith,6.0,0.5
20260122,CBJ,jetgreaves,6.0,0.5
20260122,OTT,jamesreimer,6.5,0.4782608695652174
20260122,NSH,juusesaros,6.5,0.5217391304347826
20260122,FLA,daniiltarasov,6.0,0.5
20260122,WPG,connorhellebuyck,6.0,0.5
20260122,PIT,arturssilovs,6.5,0.6233894945490586
20260122,EDM,tristanjarry,6.5,0.37661050545094155
20260122,DET,camtalbot,6.0,0.5911949685534592
20260122,MIN,filipgustavsson,6.0,0.4088050314465409
20260123,VGK,adinhill,6.0,0.4782608695652174
20260123,TOR,anthonystolarz,6.0,0.5217391304347826
20260123,TBL,andreivasilevskiy,6.0,0.27424749163879597
20260123,CHI,arvidsoderblom,6.0,0.725752508361204
20260123,STL,jordanbinnington,5.5,0.5911949685534592
20260123,DAL,jakeoettinger,5.5,0.4088050314465409
20260123,PHI,samuelersson,6.5,0.7220792588780237
20260123,COL,mackenzieblackwood,6.5,0.27792074112197634
20260123,WSH,loganthompson,6.0,0.43795620437956206
20260123,CGY,devincooley,6.0,0.562043795620438
20260123,NJD,jacobmarkstrom,6.0,0.4170073589533933
20260123,VAN,kevinlankinen,6.0,0.5829926410466066
20260123,NYR,spencermartin,6.5,0.5217391304347826
20260123,SJS,alexnedeljkovic,6.5,0.4782608695652174
20260123,ANA,lukasdostal,6.5,0.5217391304347826
20260123,SEA,philippgrubauer,6.5,0.4782608695652174
20260124,BUF,alexlyon,6.5,0.5108342361863488
20260124,NYI,davidrittich,6.5,0.4891657638136511
20260124,UTA,karelvejmelka,6.0,0.4891657638136511
20260124,NSH,juusesaros,6.0,0.5108342361863488
20260124,MTL,samuelmontembeault,6.5,0.5108342361863488
20260124,BOS,jeremyswayman,6.5,0.4891657638136511
20260124,CAR,brandonbussi,6.0,0.4572564612326044
20260124,OTT,jamesreimer,6.0,0.5427435387673957
20260124,TBL,jonasjohansson,6.5,0.4891657638136511
20260124,CBJ,jetgreaves,6.5,0.5108342361863488
20260124,DET,johngibson,6.0,0.5324675324675325
20260124,WPG,connorhellebuyck,6.0,0.4675324675324675
20260124,LAK,darcykuemper,5.5,0.4255319148936171
20260124,STL,joelhofer,5.5,0.574468085106383
20260124,FLA,sergeibobrovsky,6.0,0.5324675324675325
20260124,MIN,filipgustavsson,6.0,0.4675324675324675
20260124,WSH,charlielindgren,6.5,0.6067006554989074
20260124,EDM,connoringram,6.5,0.39329934450109244
20260125,COL,mackenzieblackwood,6.5,0.39329934450109244
20260125,TOR,josephwoll,6.5,0.6067006554989074
20260125,NJD,jacobmarkstrom,5.5,0.4675324675324675
20260125,SEA,joeydaccord,5.5,0.5324675324675325
20260125,VGK,adinhill,6.5,0.4255319148936171
20260125,OTT,madssogaard,6.5,0.574468085106383
20260125,PIT,stuartskinner,6.0,0.4255319148936171
20260125,VAN,kevinlankinen,6.0,0.574468085106383
20260125,FLA,daniiltarasov,6.0,0.4572564612326044
20260125,CHI,spencerknight,6.0,0.5427435387673957
20260125,ANA,lukasdostal,6.0,0.5
20260125,CGY,dustinwolf,6.0,0.5
20260126,UTA,karelvejmelka,6.0,0.5829926410466066
20260126,TBL,andreivasilevskiy,6.0,0.4170073589533933
20260126,BOS,joonaskorpisalo,6.5,0.4675324675324675
20260126,NYR,jonathanquick,6.5,0.5324675324675325
20260126,NYI,ilyasorokin,6.0,0.5108342361863488
20260126,PHI,samuelersson,6.0,0.4891657638136511
20260126,ANA,villehusso,6.5,0.7001620745542949
20260126,EDM,tristanjarry,6.5,0.299837925445705
20260127,NSH,juusesaros,6.5,0.5
20260127,BOS,jeremyswayman,6.5,0.5
20260127,BUF,ukkopekkaluukkonen,6.5,0.5217391304347826
20260127,TOR,josephwoll,6.5,0.4782608695652174
20260127,VGK,akiraschmid,6.5,0.4782608695652174
20260127,MTL,jakubdobes,6.5,0.5217391304347826
20260127,LAK,antonforsberg,5.5,0.5324675324675325
20260127,DET,johngibson,5.5,0.4675324675324675
20260127,UTA,vitekvanecek,6.0,0.5911949685534592
20260127,FLA,sergeibobrovsky,6.0,0.4088050314465409
20260127,WPG,connorhellebuyck,5.5,0.5324675324675325
20260127,NJD,jakeallen,5.5,0.4675324675324675
20260127,DAL,jakeoettinger,5.5,0.4088050314465409
20260127,STL,jordanbinnington,5.5,0.5911949685534592
20260127,CHI,spencerknight,6.0,0.6385542168674698
20260127,MIN,jesperwallstedt,6.0,0.3614457831325302
20260127,SJS,yaroslavaskarov,6.5,0.4572564612326044
20260127,VAN,kevinlankinen,6.5,0.5427435387673957
20260127,WSH,loganthompson,6.0,0.4572564612326044
20260127,SEA,philippgrubauer,6.0,0.5427435387673957
20260128,NYR,spencermartin,6.5,0.574468085106383
20260128,NYI,davidrittich,6.5,0.4255319148936171
20260128,PHI,danvladar,6.5,0.5217391304347826
20260128,CBJ,elvismerzlikins,6.5,0.4782608695652174
20260128,COL,mackenzieblackwood,6.5,0.4170073589533933
20260128,OTT,jamesreimer,6.5,0.5829926410466066
20260129,PHI,samuelersson,6.0,0.5990922844175491
20260129,BOS,jeremyswayman,6.0,0.40090771558245086
20260129,LAK,darcykuemper,5.5,0.5324675324675325
20260129,BUF,alexlyon,5.5,0.4675324675324675
20260129,COL,scottwedgewood,6.5,0.4675324675324675
20260129,MTL,jakubdobes,6.5,0.5324675324675325
20260129,WPG,connorhellebuyck,5.5,0.6164383561643836
20260129,TBL,andreivasilevskiy,5.5,0.3835616438356164
20260129,NSH,justusannunen,6.0,0.5427435387673957
20260129,NJD,jacobmarkstrom,6.0,0.4572564612326044
20260129,NYI,ilyasorokin,6.0,0.43795620437956206
20260129,NYR,jonathanquick,6.0,0.562043795620438
20260129,CHI,arvidsoderblom,6.5,0.6164383561643836
20260129,PIT,arturssilovs,6.5,0.3835616438356164
20260129,UTA,karelvejmelka,6.0,0.5990922844175491
20260129,CAR,brandonbussi,6.0,0.40090771558245086
20260129,WSH,charlielindgren,6.5,0.5427435387673957
20260129,DET,johngibson,6.5,0.4572564612326044
20260129,FLA,daniiltarasov,5.5,0.4088050314465409
20260129,STL,joelhofer,5.5,0.5911949685534592
20260129,CGY,devincooley,6.0,0.6233894945490586
20260129,MIN,filipgustavsson,6.0,0.37661050545094155
20260129,SJS,yaroslavaskarov,7.0,0.6233894945490586
20260129,EDM,connoringram,7.0,0.37661050545094155
20260129,ANA,lukasdostal,6.5,0.4088050314465409
20260129,VAN,nikitatolopilo,6.5,0.5911949685534592
20260129,DAL,jakeoettinger,6.0,0.5217391304347826
20260129,VGK,adinhill,6.0,0.4782608695652174
20260129,TOR,anthonystolarz,6.5,0.4891657638136511
20260129,SEA,joeydaccord,6.5,0.5108342361863488
20260130,CBJ,elvismerzlikins,6.0,0.4088050314465409
20260130,CHI,spencerknight,6.0,0.5911949685534592
20260131,LAK,darcykuemper,5.5,0.4891657638136511
20260131,PHI,danvladar,5.5,0.5108342361863488
20260131,COL,mackenzieblackwood,6.5,0.4255319148936171
20260131,DET,johngibson,6.5,0.574468085106383
20260131,NYR,jonathanquick,6.5,0.644729178800233
20260131,PIT,stuartskinner,6.5,0.35527082119976705
20260131,WPG,ericcomrie,6.0,0.562043795620438
20260131,FLA,sergeibobrovsky,6.0,0.43795620437956206
20260131,SJS,alexnedeljkovic,6.0,0.5
20260131,CGY,dustinwolf,6.0,0.5
20260131,CAR,frederikandersen,6.5,0.37661050545094155
20260131,WSH,claystevenson,6.5,0.6233894945490586
20260131,MTL,jakubdobes,6.5,0.5427435387673957
20260131,BUF,alexlyon,6.5,0.4572564612326044
20260131,NJD,jakeallen,5.5,0.5990922844175491
20260131,OTT,linusullmark,5.5,0.40090771558245086
20260131,NSH,juusesaros,5.5,0.5324675324675325
20260131,NYI,ilyasorokin,5.5,0.4675324675324675
20260131,CBJ,jetgreaves,6.5,0.5108342361863488
20260131,STL,jordanbinnington,6.5,0.4891657638136511
20260131,TOR,josephwoll,6.5,0.43795620437956206
20260131,VAN,nikitatolopilo,6.5,0.562043795620438
20260131,DAL,caseydesmith,5.5,0.5217391304347826
20260131,UTA,karelvejmelka,5.5,0.4782608695652174
20260131,MIN,jesperwallstedt,6.5,0.5427435387673957
20260131,EDM,tristanjarry,6.5,0.4572564612326044
20260131,SEA,joeydaccord,6.0,0.6385542168674698
20260131,VGK,akiraschmid,6.0,0.3614457831325302
20260201,LAK,antonforsberg,5.5,0.6164383561643836
20260201,CAR,brandonbussi,5.5,0.3835616438356164
20260201,BOS,jeremyswayman,6.0,0.6581196581196581
20260201,TBL,andreivasilevskiy,6.0,0.3418803418803419
20260201,VGK,adinhill,6.5,0.5108342361863488
20260201,ANA,lukasdostal,6.5,0.4891657638136511
20260202,BUF,alexlyon,6.0,0.5108342361863488
20260202,FLA,sergeibobrovsky,6.0,0.4891657638136511
20260202,OTT,linusullmark,6.5,0.4782608695652174
20260202,PIT,arturssilovs,6.5,0.5217391304347826
20260202,NYI,davidrittich,6.5,0.5427435387673957
20260202,WSH,claystevenson,6.5,0.4572564612326044
20260202,MTL,jakubdobes,6.5,0.5427435387673957
20260202,MIN,filipgustavsson,6.5,0.4572564612326044
20260202,STL,joelhofer,6.0,0.562043795620438
20260202,NSH,juusesaros,6.0,0.43795620437956206
20260202,SJS,yaroslavaskarov,6.5,0.4891657638136511
20260202,CHI,spencerknight,6.5,0.5108342361863488
20260202,WPG,connorhellebuyck,5.5,0.574468085106383
20260202,DAL,jakeoettinger,5.5,0.4255319148936171
20260202,DET,johngibson,6.5,0.6385542168674698
20260202,COL,mackenzieblackwood,6.5,0.3614457831325302
20260202,VAN,kevinlankinen,6.5,0.7085889570552146
20260202,UTA,karelvejmelka,6.5,0.29141104294478526
20260202,TOR,josephwoll,6.0,0.4782608695652174
20260202,CGY,dustinwolf,6.0,0.5217391304347826
20260203,CBJ,elvismerzlikins,6.0,0.5
20260203,NJD,jacobmarkstrom,6.0,0.5
20260203,WSH,claystevenson,6.5,0.574468085106383
20260203,PHI,danvladar,6.5,0.4255319148936171
20260203,OTT,jamesreimer,6.5,0.6067006554989074
20260203,CAR,brandonbussi,6.5,0.39329934450109244
20260203,BUF,coltenellis,6.5,0.644729178800233
20260203,TBL,andreivasilevskiy,6.5,0.35527082119976705
20260203,PIT,stuartskinner,5.5,0.4782608695652174
20260203,NYI,ilyasorokin,5.5,0.5217391304347826
20260203,TOR,anthonystolarz,7.0,0.6233894945490586
20260203,EDM,connoringram,7.0,0.37661050545094155
20260203,SEA,philippgrubauer,6.5,0.562043795620438
20260203,ANA,lukasdostal,6.5,0.43795620437956206
20260204,BOS,joonaskorpisalo,6.5,0.5911949685534592
20260204,FLA,sergeibobrovsky,6.5,0.4088050314465409
20260204,CHI,spencerknight,5.5,0.574468085106383
20260204,CBJ,jetgreaves,5.5,0.4255319148936171
20260204,MTL,samuelmontembeault,6.5,0.5427435387673957
20260204,WPG,connorhellebuyck,6.5,0.4572564612326044
20260204,MIN,filipgustavsson,6.5,0.4675324675324675
20260204,NSH,juusesaros,6.5,0.5324675324675325
20260204,SJS,yaroslavaskarov,6.5,0.7183098591549295
20260204,COL,mackenzieblackwood,6.5,0.28169014084507044
20260204,DET,johngibson,6.0,0.552594002855783
20260204,UTA,karelvejmelka,6.0,0.447405997144217
20260204,STL,jordanbinnington,6.0,0.6507042253521127
20260204,DAL,jakeoettinger,6.0,0.34929577464788736
20260204,EDM,tristanjarry,6.5,0.4255319148936171
20260204,CGY,devincooley,6.5,0.574468085106383
20260204,VAN,kevinlankinen,6.5,0.7183098591549295
20260204,VGK,akiraschmid,6.5,0.28169014084507044
20260204,SEA,joeydaccord,5.5,0.6164383561643836
20260204,LAK,darcykuemper,5.5,0.3835616438356164
20260205,PIT,arturssilovs,6.5,0.5324675324675325
20260205,BUF,alexlyon,6.5,0.4675324675324675
20260205,NYI,ilyasorokin,5.5,0.5
20260205,NJD,jakeallen,5.5,0.5
20260205,CAR,brandonbussi,6.0,0.33635187580853815
20260205,NYR,jonathanquick,6.0,0.6636481241914618
20260205,OTT,jamesreimer,6.0,0.4572564612326044
20260205,PHI,danvladar,6.0,0.5427435387673957
20260205,NSH,justusannunen,6.5,0.6067006554989074
20260205,WSH,loganthompson,6.5,0.39329934450109244
20260205,FLA,daniiltarasov,6.0,0.6581196581196581
20260205,TBL,andreivasilevskiy,6.0,0.3418803418803419
20260205,LAK,antonforsberg,5.5,0.562043795620438
20260205,VGK,adinhill,5.5,0.43795620437956206
20260225,BUF,ukkopekkaluukkonen,6.0,0.5
20260225,NJD,jakeallen,6.0,0.5
20260225,PHI,danvladar,5.5,0.574468085106383
20260225,WSH,loganthompson,5.5,0.4255319148936171
20260225,TOR,anthonystolarz,6.0,0.6636481241914618
20260225,TBL,andreivasilevskiy,6.0,0.33635187580853815
20260225,SEA,joeydaccord,5.5,0.6067006554989074
20260225,DAL,caseydesmith,5.5,0.39329934450109244
20260225,COL,scottwedgewood,6.0,0.4782608695652174
20260225,UTA,karelvejmelka,6.0,0.5217391304347826
20260225,WPG,ericcomrie,6.0,0.4572564612326044
20260225,VAN,nikitatolopilo,6.0,0.5427435387673957
20260225,VGK,adinhill,5.5,0.6164383561643836
20260225,LAK,antonforsberg,5.5,0.3835616438356164
20260225,EDM,tristanjarry,6.5,0.4572564612326044
20260225,ANA,lukasdostal,6.5,0.5427435387673957
20260226,CBJ,elvismerzlikins,6.5,0.5108342361863488
20260226,BOS,joonaskorpisalo,6.5,0.4891657638136511
20260226,NYI,ilyasorokin,6.0,0.574468085106383
20260226,MTL,samuelmontembeault,6.0,0.4255319148936171
20260226,DET,johngibson,6.0,0.574468085106383
20260226,OTT,linusullmark,6.0,0.4255319148936171
20260226,TOR,josephwoll,6.0,0.5911949685534592
20260226,FLA,sergeibobrovsky,6.0,0.4088050314465409
20260226,NJD,jacobmarkstrom,5.5,0.5911949685534592
20260226,PIT,arturssilovs,5.5,0.4088050314465409
20260226,TBL,jonasjohansson,6.0,0.574468085106383
20260226,CAR,brandonbussi,6.0,0.4255319148936171
20260226,PHI,samuelersson,6.0,0.562043795620438
20260226,NYR,igorshesterkin,6.0,0.43795620437956206
20260226,SEA,philippgrubauer,5.5,0.562043795620438
20260226,STL,joelhofer,5.5,0.43795620437956206
20260226,CHI,spencerknight,6.5,0.6067006554989074
20260226,NSH,justusannunen,6.5,0.39329934450109244
20260226,MIN,filipgustavsson,6.5,0.574468085106383
20260226,COL,mackenzieblackwood,6.5,0.4255319148936171
20260226,CGY,dustinwolf,6.5,0.5324675324675325
20260226,SJS,yaroslavaskarov,6.5,0.4675324675324675
20260226,EDM,connoringram,6.5,0.4891657638136511
20260226,LAK,darcykuemper,6.5,0.5108342361863488
20260227,BUF,alexlyon,6.5,0.5108342361863488
20260227,FLA,daniiltarasov,6.5,0.4891657638136511
20260227,VGK,akiraschmid,6.0,0.5108342361863488
20260227,WSH,loganthompson,6.0,0.4891657638136511
20260227,MIN,jesperwallstedt,6.5,0.552594002855783
20260227,UTA,karelvejmelka,6.5,0.447405997144217
20260227,WPG,connorhellebuyck,6.0,0.552594002855783
20260227,ANA,lukasdostal,6.0,0.447405997144217
20260228,PIT,stuartskinner,6.0,0.4675324675324675
20260228,NYR,igorshesterkin,6.0,0.5324675324675325
20260228,BOS,jeremyswayman,6.0,0.5108342361863488
20260228,PHI,danvladar,6.0,0.4891657638136511
20260228,EDM,connoringram,7.0,0.4088050314465409
20260228,SJS,yaroslavaskarov,7.0,0.5911949685534592
20260228,NJD,jacobmarkstrom,5.5,0.4891657638136511
20260228,STL,jordanbinnington,5.5,0.5108342361863488
20260228,NYI,ilyasorokin,6.0,0.562043795620438
20260228,CBJ,jetgreaves,6.0,0.43795620437956206
20260228,CHI,spencerknight,6.5,0.7446808510638298
20260228,COL,mackenzieblackwood,6.5,0.2553191489361702
20260228,OTT,linusullmark,6.0,0.447405997144217
20260228,TOR,josephwoll,6.0,0.552594002855783
20260228,WSH,charlielindgren,6.5,0.5911949685534592
20260228,MTL,jakubdobes,6.5,0.4088050314465409
20260228,BUF,ukkopekkaluukkonen,6.5,0.6853932584269663
20260228,TBL,andreivasilevskiy,6.5,0.31460674157303364
20260228,DET,camtalbot,6.0,0.6385542168674698
20260228,CAR,frederikandersen,6.0,0.3614457831325302
20260228,CGY,dustinwolf,5.5,0.574468085106383
20260228,LAK,antonforsberg,5.5,0.4255319148936171
20260228,NSH,juusesaros,6.0,0.574468085106383
20260228,DAL,jakeoettinger,6.0,0.4255319148936171
20260228,VAN,kevinlankinen,6.0,0.5911949685534592
20260228,SEA,joeydaccord,6.0,0.4088050314465409
20260301,VGK,adinhill,6.5,0.4255319148936171
20260301,PIT,arturssilovs,6.5,0.574468085106383
20260301,CHI,arvidsoderblom,6.5,0.7293331159302137
20260301,UTA,karelvejmelka,6.5,0.27066688406978645
20260301,WPG,connorhellebuyck,6.0,0.4782608695652174
20260301,SJS,alexnedeljkovic,6.0,0.5217391304347826
20260301,STL,joelhofer,6.5,0.6690070210631895
20260301,MIN,filipgustavsson,6.5,0.33099297893681046
20260301,FLA,sergeibobrovsky,5.5,0.4170073589533933
20260301,NYI,davidrittich,5.5,0.5829926410466066
20260301,CGY,devincooley,6.5,0.6233894945490586
20260301,ANA,lukasdostal,6.5,0.37661050545094155
20260302,DET,johngibson,6.0,0.5
20260302,NSH,juusesaros,6.0,0.5
20260302,CBJ,elvismerzlikins,6.0,0.4891657638136511
20260302,NYR,igorshesterkin,6.0,0.5108342361863488
20260302,PHI,danvladar,6.0,0.552594002855783
20260302,TOR,anthonystolarz,6.0,0.447405997144217
20260302,DAL,jakeoettinger,6.0,0.35527082119976705
20260302,VAN,nikitatolopilo,6.0,0.644729178800233
20260302,CAR,frederikandersen,6.0,0.37661050545094155
20260302,SEA,joeydaccord,6.0,0.6233894945490586
20260302,COL,mackenzieblackwood,6.0,0.37661050545094155
20260302,LAK,antonforsberg,6.0,0.6233894945490586
20260303,PIT,stuartskinner,6.5,0.5217391304347826
20260303,BOS,jeremyswayman,6.5,0.4782608695652174
20260303,VGK,akiraschmid,6.0,0.562043795620438
20260303,BUF,alexlyon,6.0,0.43795620437956206
20260303,FLA,sergeibobrovsky,5.5,0.4891657638136511
20260303,NJD,jacobmarkstrom,5.5,0.5108342361863488
20260303,UTA,karelvejmelka,6.0,0.5
20260303,WSH,loganthompson,6.0,0.5
20260303,NSH,justusannunen,6.5,0.5427435387673957
20260303,CBJ,jetgreaves,6.5,0.4572564612326044
20260303,CHI,spencerknight,5.5,0.574468085106383
20260303,WPG,connorhellebuyck,5.5,0.4255319148936171
20260303,DAL,caseydesmith,5.5,0.4572564612326044
20260303,CGY,dustinwolf,5.5,0.5427435387673957
20260303,OTT,linusullmark,6.5,0.5217391304347826
20260303,EDM,connoringram,6.5,0.4782608695652174
20260303,TBL,andreivasilevskiy,6.0,0.43795620437956206
20260303,MIN,filipgustavsson,6.0,0.562043795620438
20260303,COL,scottwedgewood,6.5,0.4255319148936171
20260303,ANA,lukasdostal,6.5,0.574468085106383
20260303,MTL,jakubdobes,6.5,0.447405997144217
20260303,SJS,yaroslavaskarov,6.5,0.552594002855783
20260304,VGK,adinhill,6.0,0.552594002855783
20260304,DET,camtalbot,6.0,0.447405997144217
20260304,TOR,anthonystolarz,6.0,0.5324675324675325
20260304,NJD,jacobmarkstrom,6.0,0.4675324675324675
20260304,CAR,brandonbussi,6.0,0.2591283863368669
20260304,VAN,kevinlankinen,6.0,0.740871613663133
20260304,NYI,davidrittich,6.5,0.4782608695652174
20260304,ANA,villehusso,6.5,0.5217391304347826
20260304,STL,joelhofer,6.0,0.574468085106383
20260304,SEA,philippgrubauer,6.0,0.4255319148936171
20260305,TOR,josephwoll,6.0,0.5427435387673957
20260305,NYR,igorshesterkin,6.0,0.4572564612326044
20260305,UTA,vitekvanecek,6.0,0.4782608695652174
20260305,PHI,danvladar,6.0,0.5217391304347826
20260305,BUF,ukkopekkaluukkonen,6.5,0.4891657638136511
20260305,PIT,arturssilovs,6.5,0.5108342361863488
20260305,FLA,daniiltarasov,6.5,0.5
20260305,CBJ,jetgreaves,6.5,0.5
20260305,BOS,joonaskorpisalo,6.5,0.5
20260305,NSH,juusesaros,6.5,0.5
20260305,TBL,andreivasilevskiy,6.0,0.3614457831325302
20260305,WPG,connorhellebuyck,6.0,0.6385542168674698
20260305,OTT,linusullmark,5.5,0.3835616438356164
20260305,CGY,devincooley,5.5,0.6164383561643836
20260305,NYI,ilyasorokin,5.5,0.5217391304347826
20260305,LAK,darcykuemper,5.5,0.4782608695652174
20260306,FLA,sergeibobrovsky,6.0,0.5829926410466066
20260306,DET,johngibson,6.0,0.4170073589533933
20260306,COL,mackenzieblackwood,6.0,0.4782608695652174
20260306,DAL,jakeoettinger,6.0,0.5217391304347826
20260306,VAN,nikitatolopilo,6.0,0.5911949685534592
20260306,CHI,arvidsoderblom,6.0,0.4088050314465409
20260306,CAR,frederikandersen,6.5,0.4891657638136511
20260306,EDM,tristanjarry,6.5,0.5108342361863488
20260306,MTL,samuelmontembeault,6.5,0.4891657638136511
20260306,ANA,lukasdostal,6.5,0.5108342361863488
20260306,MIN,filipgustavsson,6.0,0.4782608695652174
20260306,VGK,akiraschmid,6.0,0.5217391304347826
20260306,STL,jordanbinnington,6.0,0.574468085106383
20260306,SJS,alexnedeljkovic,6.0,0.4255319148936171
20260307,WSH,loganthompson,6.0,0.5427435387673957
20260307,BOS,jeremyswayman,6.0,0.4572564612326044
20260307,NYR,jonathanquick,6.0,0.6067006554989074
20260307,NJD,jacobmarkstrom,6.0,0.39329934450109244
20260307,NSH,juusesaros,6.5,0.6233894945490586
20260307,BUF,alexlyon,6.5,0.37661050545094155
20260307,PHI,danvladar,5.5,0.552594002855783
20260307,PIT,stuartskinner,5.5,0.447405997144217
20260307,TBL,andreivasilevskiy,6.5,0.34929577464788736
20260307,TOR,anthonystolarz,6.5,0.6507042253521127
20260307,UTA,karelvejmelka,6.5,0.4891657638136511
20260307,CBJ,elvismerzlikins,6.5,0.5108342361863488
20260307,VAN,kevinlankinen,6.0,0.7135512302607419
20260307,WPG,connorhellebuyck,6.0,0.28644876973925815
20260307,MTL,jakubdobes,6.0,0.5108342361863488
20260307,LAK,darcykuemper,6.0,0.4891657638136511
20260307,CAR,brandonbussi,5.5,0.35527082119976705
20260307,CGY,dustinwolf,5.5,0.644729178800233
20260307,NYI,ilyasorokin,6.5,0.4255319148936171
20260307,SJS,yaroslavaskarov,6.5,0.574468085106383
20260307,OTT,linusullmark,6.0,0.4088050314465409
20260307,SEA,joeydaccord,6.0,0.5911949685534592
20260308,MIN,jesperwallstedt,6.5,0.6233894945490586
20260308,COL,scottwedgewood,6.5,0.37661050545094155
20260308,BOS,joonaskorpisalo,6.0,0.5324675324675325
20260308,PIT,arturssilovs,6.0,0.4675324675324675
20260308,TBL,jonasjohansson,6.5,0.4782608695652174
20260308,BUF,ukkopekkaluukkonen,6.5,0.5217391304347826
20260308,CHI,arvidsoderblom,6.0,0.732678320786015
20260308,DAL,caseydesmith,6.0,0.2673216792139849
20260308,DET,johngibson,5.5,0.4891657638136511
20260308,NJD,jacobmarkstrom,5.5,0.5108342361863488
20260308,STL,joelhofer,6.5,0.6067006554989074
20260308,ANA,villehusso,6.5,0.39329934450109244
20260308,EDM,connoringram,7.0,0.5
20260308,VGK,adinhill,7.0,0.5
20260309,LAK,antonforsberg,6.0,0.5829926410466066
20260309,CBJ,jetgreaves,6.0,0.4170073589533933
20260309,NYR,igorshesterkin,5.5,0.552594002855783
20260309,PHI,danvladar,5.5,0.447405997144217
20260309,CGY,devincooley,6.0,0.6301020408163266
20260309,WSH,loganthompson,6.0,0.3698979591836735
20260309,UTA,vitekvanecek,6.0,0.33099297893681046
20260309,CHI,drewcommesso,6.0,0.6690070210631895
20260309,OTT,jamesreimer,6.5,0.33099297893681046
20260309,VAN,kevinlankinen,6.5,0.6690070210631895
20260310,LAK,darcykuemper,6.0,0.574468085106383
20260310,BOS,jeremyswayman,6.0,0.4255319148936171
20260310,SJS,yaroslavaskarov,6.5,0.6385542168674698
20260310,BUF,alexlyon,6.5,0.3614457831325302
20260310,TOR,josephwoll,6.5,0.6067006554989074
20260310,MTL,jakubdobes,6.5,0.39329934450109244
20260310,CBJ,elvismerzlikins,6.5,0.6805555555555556
20260310,TBL,andreivasilevskiy,6.5,0.3194444444444444
20260310,DET,johngibson,6.0,0.5
20260310,FLA,daniiltarasov,6.0,0.5
20260310,CGY,dustinwolf,6.0,0.5427435387673957
20260310,NYR,jonathanquick,6.0,0.4572564612326044
20260310,PIT,stuartskinner,6.5,0.6385542168674698
20260310,CAR,frederikandersen,6.5,0.3614457831325302
20260310,NYI,ilyasorokin,5.5,0.4675324675324675
20260310,STL,joelhofer,5.5,0.5324675324675325
20260310,VGK,adinhill,6.0,0.574468085106383
20260310,DAL,jakeoettinger,6.0,0.4255319148936171
20260310,UTA,karelvejmelka,6.0,0.574468085106383
20260310,MIN,filipgustavsson,6.0,0.4255319148936171
20260310,ANA,lukasdostal,6.5,0.552594002855783
20260310,WPG,connorhellebuyck,6.5,0.447405997144217
20260310,EDM,connoringram,7.0,0.6067006554989074
20260310,COL,mackenzieblackwood,7.0,0.39329934450109244
20260310,NSH,juusesaros,6.0,0.5
20260310,SEA,joeydaccord,6.0,0.5
20260311,MTL,jacobfowler,6.5,0.6301020408163266
20260311,OTT,linusullmark,6.5,0.3698979591836735
20260311,WSH,loganthompson,6.0,0.4572564612326044
20260311,PHI,samuelersson,6.0,0.5427435387673957
20260312,SJS,alexnedeljkovic,6.5,0.5829926410466066
20260312,BOS,jeremyswayman,6.5,0.4170073589533933
20260312,WSH,charlielindgren,6.5,0.6507042253521127
20260312,BUF,ukkopekkaluukkonen,6.5,0.34929577464788736
20260312,ANA,lukasdostal,6.5,0.5
20260312,TOR,josephwoll,6.5,0.5
20260312,DET,johngibson,6.0,0.6507042253521127
20260312,TBL,andreivasilevskiy,6.0,0.34929577464788736
20260312,CBJ,elvismerzlikins,6.5,0.4675324675324675
20260312,FLA,sergeibobrovsky,6.5,0.5324675324675325
20260312,CGY,dustinwolf,5.5,0.6233894945490586
20260312,NJD,jacobmarkstrom,5.5,0.37661050545094155
20260312,STL,jordanbinnington,6.0,0.7135512302607419
20260312,CAR,brandonbussi,6.0,0.28644876973925815
20260312,EDM,tristanjarry,6.5,0.5324675324675325
20260312,DAL,jakeoettinger,6.5,0.4675324675324675
20260312,PHI,danvladar,6.0,0.6581196581196581
20260312,MIN,jesperwallstedt,6.0,0.3418803418803419
20260312,NYR,igorshesterkin,5.5,0.574468085106383
20260312,WPG,connorhellebuyck,5.5,0.4255319148936171
20260312,CHI,spencerknight,6.0,0.6581196581196581
20260312,UTA,karelvejmelka,6.0,0.3418803418803419
20260312,NSH,juusesaros,6.0,0.40090771558245086
20260312,VAN,nikitatolopilo,6.0,0.5990922844175491
20260312,PIT,arturssilovs,6.0,0.574468085106383
20260312,VGK,adinhill,6.0,0.4255319148936171
20260312,COL,scottwedgewood,6.5,0.3614457831325302
20260312,SEA,joeydaccord,6.5,0.6385542168674698
20260313,LAK,darcykuemper,5.5,0.562043795620438
20260313,NYI,ilyasorokin,5.5,0.43795620437956206
20260313,EDM,connoringram,6.5,0.4255319148936171
20260313,STL,joelhofer,6.5,0.574468085106383
20260314,ANA,villehusso,6.5,0.6067006554989074
20260314,OTT,linusullmark,6.5,0.39329934450109244
20260314,BOS,jeremyswayman,6.0,0.5427435387673957
20260314,WSH,loganthompson,6.0,0.4572564612326044
20260314,COL,mackenzieblackwood,6.0,0.3698979591836735
20260314,WPG,connorhellebuyck,6.0,0.6301020408163266
20260314,NYR,igorshesterkin,6.0,0.6385542168674698
20260314,MIN,filipgustavsson,6.0,0.3614457831325302
20260314,TOR,josephwoll,6.5,0.6755725190839694
20260314,BUF,alexlyon,6.5,0.32442748091603046
20260314,SJS,alexnedeljkovic,6.5,0.5911949685534592
20260314,MTL,jakubdobes,6.5,0.4088050314465409
20260314,CAR,frederikandersen,6.5,0.5324675324675325
20260314,TBL,andreivasilevskiy,6.5,0.4675324675324675
20260314,LAK,antonforsberg,5.5,0.574468085106383
20260314,NJD,jakeallen,5.5,0.4255319148936171
20260314,CGY,devincooley,6.0,0.562043795620438
20260314,NYI,davidrittich,6.0,0.43795620437956206
20260314,CBJ,jetgreaves,6.0,0.447405997144217
20260314,PHI,danvladar,6.0,0.552594002855783
20260314,DET,johngibson,5.5,0.6301020408163266
20260314,DAL,jakeoettinger,5.5,0.3698979591836735
20260314,PIT,stuartskinner,6.0,0.574468085106383
20260314,UTA,karelvejmelka,6.0,0.4255319148936171
20260314,SEA,philippgrubauer,6.0,0.43795620437956206
20260314,VAN,nikitatolopilo,6.0,0.562043795620438
20260314,CHI,spencerknight,6.0,0.6690070210631895
20260314,VGK,adinhill,6.0,0.33099297893681046
20260315,STL,jordanbinnington,5.5,0.4891657638136511
20260315,WPG,ericcomrie,5.5,0.5108342361863488
20260315,SJS,laurentbrossoit,6.5,0.6385542168674698
20260315,OTT,linusullmark,6.5,0.3614457831325302
20260315,ANA,lukasdostal,6.5,0.574468085106383
20260315,MTL,jacobfowler,6.5,0.4255319148936171
20260315,TOR,anthonystolarz,6.5,0.6912521440823327
20260315,MIN,jesperwallstedt,6.5,0.30874785591766724
20260315,NSH,justusannunen,6.5,0.6233894945490586
20260315,EDM,connoringram,6.5,0.37661050545094155
20260315,FLA,daniiltarasov,6.0,0.4675324675324675
20260315,SEA,joeydaccord,6.0,0.5324675324675325
20260316,CGY,dustinwolf,5.5,0.6233894945490586
20260316,DET,johngibson,5.5,0.37661050545094155
20260316,BOS,joonaskorpisalo,6.0,0.5324675324675325
20260316,NJD,jacobmarkstrom,6.0,0.4675324675324675
20260316,LAK,darcykuemper,5.5,0.5
20260316,NYR,igorshesterkin,5.5,0.5
20260316,UTA,vitekvanecek,5.5,0.5911949685534592
20260316,DAL,caseydesmith,5.5,0.4088050314465409
20260316,PIT,arturssilovs,6.5,0.6581196581196581
20260316,COL,scottwedgewood,6.5,0.3418803418803419
20260317,NYI,ilyasorokin,6.0,0.4088050314465409
20260317,TOR,josephwoll,6.0,0.5911949685534592
20260317,BOS,jeremyswayman,6.5,0.5911949685534592
20260317,MTL,jakubdobes,6.5,0.4088050314465409
20260317,CAR,brandonbussi,6.5,0.4782608695652174
20260317,CBJ,jetgreaves,6.5,0.5217391304347826
20260317,MIN,filipgustavsson,6.0,0.3835616438356164
20260317,CHI,spencerknight,6.0,0.6164383561643836
20260317,NSH,juusesaros,5.5,0.5427435387673957
20260317,WPG,connorhellebuyck,5.5,0.4572564612326044
20260317,SJS,alexnedeljkovic,7.0,0.574468085106383
20260317,EDM,connoringram,7.0,0.4255319148936171
20260317,FLA,sergeibobrovsky,6.0,0.4170073589533933
20260317,VAN,kevinlankinen,6.0,0.5829926410466066
20260317,BUF,ukkopekkaluukkonen,6.5,0.552594002855783
20260317,VGK,adinhill,6.5,0.447405997144217
20260317,TBL,andreivasilevskiy,6.0,0.37661050545094155
20260317,SEA,philippgrubauer,6.0,0.6233894945490586
20260318,NJD,jacobmarkstrom,6.0,0.4782608695652174
20260318,NYR,jonathanquick,6.0,0.5217391304347826
20260318,PIT,stuartskinner,6.5,0.552594002855783
20260318,CAR,frederikandersen,6.5,0.447405997144217
20260318,OTT,linusullmark,6.0,0.447405997144217
20260318,WSH,loganthompson,6.0,0.552594002855783
20260318,DAL,jakeoettinger,6.0,0.552594002855783
20260318,COL,scottwedgewood,6.0,0.447405997144217
20260318,STL,joelhofer,5.5,0.4675324675324675
20260318,CGY,devincooley,5.5,0.5324675324675325
20260318,PHI,danvladar,6.5,0.574468085106383
20260318,ANA,lukasdostal,6.5,0.4255319148936171
20260319,WPG,connorhellebuyck,6.0,0.562043795620438
20260319,BOS,jeremyswayman,6.0,0.43795620437956206
20260319,NYI,ilyasorokin,6.0,0.5324675324675325
20260319,OTT,jamesreimer,6.0,0.4675324675324675
20260319,MTL,jakubdobes,6.0,0.4891657638136511
20260319,DET,johngibson,6.0,0.5108342361863488
20260319,NYR,igorshesterkin,6.0,0.6581196581196581
20260319,CBJ,jetgreaves,6.0,0.3418803418803419
20260319,CHI,spencerknight,6.0,0.6301020408163266
20260319,MIN,jesperwallstedt,6.0,0.3698979591836735
20260319,SEA,joeydaccord,6.0,0.5217391304347826
20260319,NSH,justusannunen,6.0,0.4782608695652174
20260319,FLA,sergeibobrovsky,6.5,0.5911949685534592
20260319,EDM,connoringram,6.5,0.4088050314465409
20260319,TBL,andreivasilevskiy,6.0,0.2673216792139849
20260319,VAN,kevinlankinen,6.0,0.732678320786015
20260319,UTA,karelvejmelka,6.0,0.5427435387673957
20260319,VGK,adinhill,6.0,0.4572564612326044
20260319,BUF,alexlyon,6.5,0.43795620437956206
20260319,SJS,alexnedeljkovic,6.5,0.562043795620438
20260319,PHI,samuelersson,6.0,0.6301020408163266
20260319,LAK,darcykuemper,6.0,0.3698979591836735
20260320,CAR,brandonbussi,6.5,0.3418803418803419
20260320,TOR,josephwoll,6.5,0.6581196581196581
20260320,NJD,jakeallen,6.0,0.5324675324675325
20260320,WSH,loganthompson,6.0,0.4675324675324675
20260320,COL,mackenzieblackwood,6.5,0.2673216792139849
20260320,CHI,arvidsoderblom,6.5,0.732678320786015
20260320,FLA,daniiltarasov,5.5,0.5217391304347826
20260320,CGY,dustinwolf,5.5,0.4782608695652174
20260320,ANA,lukasdostal,6.5,0.562043795620438
20260320,UTA,vitekvanecek,6.5,0.43795620437956206
20260321,WPG,connorhellebuyck,6.5,0.5911949685534592
20260321,PIT,arturssilovs,6.5,0.4088050314465409
20260321,VGK,akiraschmid,6.0,0.4170073589533933
20260321,NSH,justusannunen,6.0,0.5829926410466066
20260321,DAL,jakeoettinger,5.5,0.447405997144217
20260321,MIN,filipgustavsson,5.5,0.552594002855783
20260321,BUF,ukkopekkaluukkonen,6.5,0.4572564612326044
20260321,LAK,antonforsberg,6.5,0.5427435387673957
20260321,PHI,danvladar,6.0,0.5324675324675325
20260321,SJS,alexnedeljkovic,6.0,0.4675324675324675
20260321,SEA,joeydaccord,6.5,0.6233894945490586
20260321,CBJ,elvismerzlikins,6.5,0.37661050545094155
20260321,NYI,ilyasorokin,5.5,0.5324675324675325
20260321,MTL,jacobfowler,5.5,0.4675324675324675
20260321,TOR,josephwoll,6.0,0.732678320786015
20260321,OTT,linusullmark,6.0,0.2673216792139849
20260321,STL,jordanbinnington,5.5,0.4255319148936171
20260321,VAN,kevinlankinen,5.5,0.574468085106383
20260321,BOS,jeremyswayman,5.5,0.5217391304347826
20260321,DET,johngibson,5.5,0.4782608695652174
20260321,TBL,andreivasilevskiy,6.5,0.447405997144217
20260321,EDM,connoringram,6.5,0.552594002855783
20260322,WPG,ericcomrie,6.0,0.5108342361863488
20260322,NYR,dylangarand,6.0,0.4891657638136511
20260322,COL,mackenzieblackwood,6.0,0.40090771558245086
20260322,WSH,loganthompson,6.0,0.5990922844175491
20260322,CAR,frederikandersen,6.5,0.43795620437956206
20260322,PIT,stuartskinner,6.5,0.562043795620438
20260322,NSH,juusesaros,6.0,0.5
20260322,CHI,spencerknight,6.0,0.5
20260322,CBJ,jetgreaves,6.0,0.4782608695652174
20260322,NYI,ilyasorokin,6.0,0.5217391304347826
20260322,VGK,adinhill,6.0,0.562043795620438
20260322,DAL,caseydesmith,6.0,0.43795620437956206
20260322,TBL,jonasjohansson,6.5,0.39329934450109244
20260322,CGY,devincooley,6.5,0.6067006554989074
20260322,BUF,alexlyon,6.5,0.4891657638136511
20260322,ANA,villehusso,6.5,0.5108342361863488
20260322,LAK,darcykuemper,5.5,0.6164383561643836
20260322,UTA,karelvejmelka,5.5,0.3835616438356164
20260323,OTT,jamesreimer,6.0,0.3698979591836735
20260323,NYR,igorshesterkin,6.0,0.6301020408163266
20260324,TOR,anthonystolarz,6.5,0.6385542168674698
20260324,BOS,jeremyswayman,6.5,0.3614457831325302
20260324,CAR,frederikandersen,6.5,0.4675324675324675
20260324,MTL,jakubdobes,6.5,0.5324675324675325
20260324,OTT,linusullmark,6.0,0.5427435387673957
20260324,DET,johngibson,6.0,0.4572564612326044
20260324,SEA,joeydaccord,6.0,0.5427435387673957
20260324,FLA,sergeibobrovsky,6.0,0.4572564612326044
20260324,CHI,arvidsoderblom,6.0,0.5990922844175491
20260324,NYI,davidrittich,6.0,0.40090771558245086
20260324,CBJ,jetgreaves,6.0,0.447405997144217
20260324,PHI,danvladar,6.0,0.552594002855783
20260324,COL,scottwedgewood,6.5,0.40090771558245086
20260324,PIT,arturssilovs,6.5,0.5990922844175491
20260324,MIN,filipgustavsson,6.5,0.5990922844175491
20260324,TBL,andreivasilevskiy,6.5,0.40090771558245086
20260324,WSH,loganthompson,5.5,0.5
20260324,STL,joelhofer,5.5,0.5
20260324,SJS,alexnedeljkovic,6.5,0.562043795620438
20260324,NSH,juusesaros,6.5,0.43795620437956206
20260324,NJD,jakeallen,5.5,0.6067006554989074
20260324,DAL,jakeoettinger,5.5,0.39329934450109244
20260324,VGK,adinhill,6.0,0.4572564612326044
20260324,WPG,connorhellebuyck,6.0,0.5427435387673957
20260324,LAK,darcykuemper,5.5,0.43795620437956206
20260324,CGY,dustinwolf,5.5,0.562043795620438
20260324,EDM,tristanjarry,6.5,0.552594002855783
20260324,UTA,karelvejmelka,6.5,0.447405997144217
20260324,ANA,lukasdostal,6.5,0.3698979591836735
20260324,VAN,kevinlankinen,6.5,0.6301020408163266
20260325,BOS,joonaskorpisalo,6.5,0.6507042253521127
20260325,BUF,ukkopekkaluukkonen,6.5,0.34929577464788736
20260325,NYR,igorshesterkin,6.0,0.447405997144217
20260325,TOR,josephwoll,6.0,0.552594002855783
20260326,CBJ,jetgreaves,6.5,0.5108342361863488
20260326,MTL,jakubdobes,6.5,0.4891657638136511
20260326,PIT,stuartskinner,6.0,0.574468085106383
20260326,OTT,linusullmark,6.0,0.4255319148936171
20260326,SEA,philippgrubauer,6.0,0.7135512302607419
20260326,TBL,andreivasilevskiy,6.0,0.28644876973925815
20260326,MIN,jesperwallstedt,6.0,0.4088050314465409
20260326,FLA,daniiltarasov,6.0,0.5911949685534592
20260326,DAL,jakeoettinger,5.5,0.4675324675324675
20260326,NYI,ilyasorokin,5.5,0.5324675324675325
20260326,CHI,spencerknight,5.5,0.574468085106383
20260326,PHI,samuelersson,5.5,0.4255319148936171
20260326,SJS,yaroslavaskarov,6.0,0.5427435387673957
20260326,STL,joelhofer,6.0,0.4572564612326044
20260326,NJD,jacobmarkstrom,6.0,0.5108342361863488
20260326,NSH,justusannunen,6.0,0.4891657638136511
20260326,COL,mackenzieblackwood,6.0,0.37661050545094155
20260326,WPG,connorhellebuyck,6.0,0.6233894945490586
20260326,WSH,loganthompson,6.0,0.552594002855783
20260326,UTA,vitekvanecek,6.0,0.447405997144217
20260326,ANA,villehusso,6.5,0.4572564612326044
20260326,CGY,devincooley,6.5,0.5427435387673957
20260326,EDM,connoringram,6.5,0.562043795620438
20260326,VGK,adinhill,6.5,0.43795620437956206
20260326,LAK,darcykuemper,6.0,0.39329934450109244
20260326,VAN,kevinlankinen,6.0,0.6067006554989074
20260327,DET,johngibson,6.0,0.562043795620438
20260327,BUF,alexlyon,6.0,0.43795620437956206
20260327,CHI,arvidsoderblom,6.0,0.6067006554989074
20260327,NYR,dylangarand,6.0,0.39329934450109244
20260328,OTT,jamesreimer,6.0,0.552594002855783
20260328,TBL,andreivasilevskiy,6.0,0.447405997144217
20260328,FLA,daniiltarasov,5.5,0.6385542168674698
20260328,NYI,ilyasorokin,5.5,0.3614457831325302
20260328,ANA,lukasdostal,7.0,0.574468085106383
20260328,EDM,connoringram,7.0,0.4255319148936171
20260328,MIN,filipgustavsson,6.0,0.4782608695652174
20260328,BOS,jeremyswayman,6.0,0.5217391304347826
20260328,DAL,jakeoettinger,6.0,0.4572564612326044
20260328,PIT,stuartskinner,6.0,0.5427435387673957
20260328,NJD,jacobmarkstrom,6.5,0.6581196581196581
20260328,CAR,brandonbussi,6.5,0.3418803418803419
20260328,SJS,alexnedeljkovic,6.5,0.6301020408163266
20260328,CBJ,elvismerzlikins,6.5,0.3698979591836735
20260328,SEA,philippgrubauer,6.5,0.6233894945490586
20260328,BUF,ukkopekkaluukkonen,6.5,0.37661050545094155
20260328,TOR,josephwoll,6.0,0.574468085106383
20260328,STL,jordanbinnington,6.0,0.4255319148936171
20260328,MTL,jacobfowler,6.5,0.4891657638136511
20260328,NSH,juusesaros,6.5,0.5108342361863488
20260328,WPG,connorhellebuyck,6.0,0.7044334975369458
20260328,COL,mackenzieblackwood,6.0,0.29556650246305427
20260328,PHI,danvladar,5.5,0.5427435387673957
20260328,DET,johngibson,5.5,0.4572564612326044
20260328,UTA,karelvejmelka,5.5,0.5108342361863488
20260328,LAK,darcykuemper,5.5,0.4891657638136511
20260328,VAN,nikitatolopilo,6.0,0.6067006554989074
20260328,CGY,dustinwolf,6.0,0.39329934450109244
20260328,WSH,loganthompson,6.0,0.574468085106383
20260328,VGK,adinhill,6.0,0.4255319148936171
20260329,FLA,sergeibobrovsky,6.0,0.6233894945490586
20260329,NYR,igorshesterkin,6.0,0.37661050545094155
20260329,NSH,justusannunen,6.5,0.6233894945490586
20260329,TBL,jonasjohansson,6.5,0.37661050545094155
20260329,MTL,jakubdobes,6.5,0.6067006554989074
20260329,CAR,frederikandersen,6.5,0.39329934450109244
20260329,BOS,jeremyswayman,6.0,0.5911949685534592
20260329,CBJ,jetgreaves,6.0,0.4088050314465409
20260329,CHI,spencerknight,6.0,0.6067006554989074
20260329,NJD,jakeallen,6.0,0.39329934450109244
20260329,DAL,caseydesmith,5.5,0.39329934450109244
20260329,PHI,samuelersson,5.5,0.6067006554989074
20260330,PIT,arturssilovs,6.0,0.5427435387673957
20260330,NYI,ilyasorokin,6.0,0.4572564612326044
20260330,CGY,dustinwolf,6.0,0.7706422018348623
20260330,COL,scottwedgewood,6.0,0.22935779816513757
20260330,VAN,kevinlankinen,6.5,0.7483588621444202
20260330,VGK,adinhill,6.5,0.25164113785557984
20260330,TOR,anthonystolarz,6.5,0.6301020408163266
20260330,ANA,villehusso,6.5,0.3698979591836735
20260330,STL,joelhofer,6.0,0.5
20260330,SJS,yaroslavaskarov,6.0,0.5
20260331,DAL,jakeoettinger,6.0,0.4572564612326044
20260331,BOS,joonaskorpisalo,6.0,0.5427435387673957
20260331,NYI,ilyasorokin,6.0,0.6067006554989074
20260331,BUF,ukkopekkaluukkonen,6.0,0.39329934450109244
20260331,MTL,jakubdobes,6.5,0.6067006554989074
20260331,TBL,andreivasilevskiy,6.5,0.39329934450109244
20260331,OTT,linusullmark,6.0,0.37661050545094155
20260331,FLA,daniiltarasov,6.0,0.6233894945490586
20260331,NJD,jacobmarkstrom,6.0,0.4675324675324675
20260331,NYR,igorshesterkin,6.0,0.5324675324675325
20260331,DET,johngibson,6.5,0.5
20260331,PIT,stuartskinner,6.5,0.5
20260331,PHI,danvladar,5.5,0.5324675324675325
20260331,WSH,loganthompson,5.5,0.4675324675324675
20260331,CAR,brandonbussi,6.5,0.4572564612326044
20260331,CBJ,jetgreaves,6.5,0.5427435387673957
20260331,WPG,connorhellebuyck,6.0,0.4170073589533933
20260331,CHI,spencerknight,6.0,0.5829926410466066
20260331,SEA,philippgrubauer,6.5,0.6233894945490586
20260331,EDM,connoringram,6.5,0.37661050545094155
20260401,VAN,kevinlankinen,6.5,0.7864077669902912
20260401,COL,mackenzieblackwood,6.5,0.21359223300970873
20260401,STL,jordanbinnington,5.5,0.574468085106383
20260401,LAK,antonforsberg,5.5,0.4255319148936171
20260401,ANA,lukasdostal,6.5,0.5
20260401,SJS,yaroslavaskarov,6.5,0.5
20260402,BUF,ukkopekkaluukkonen,6.5,0.5217391304347826
20260402,OTT,linusullmark,6.5,0.4782608695652174
20260402,PIT,stuartskinner,6.5,0.5911949685534592
20260402,TBL,andreivasilevskiy,6.5,0.4088050314465409
20260402,BOS,jeremyswayman,6.5,0.40090771558245086
20260402,FLA,sergeibobrovsky,6.5,0.5990922844175491
20260402,MTL,jacobfowler,6.5,0.4675324675324675
20260402,NYR,igorshesterkin,6.5,0.5324675324675325
20260402,DET,johngibson,5.5,0.5
20260402,PHI,samuelersson,5.5,0.5
20260402,CBJ,elvismerzlikins,6.5,0.6301020408163266
20260402,CAR,frederikandersen,6.5,0.3698979591836735
20260402,WSH,loganthompson,6.5,0.5108342361863488
20260402,NJD,jakeallen,6.5,0.4891657638136511
20260402,WPG,connorhellebuyck,5.5,0.574468085106383
20260402,DAL,jakeoettinger,5.5,0.4255319148936171
20260402,VAN,nikitatolopilo,6.5,0.7748769527070405
20260402,MIN,filipgustavsson,6.5,0.22512304729295957
20260402,CHI,spencerknight,6.5,0.6581196581196581
20260402,EDM,tristanjarry,6.5,0.3418803418803419
20260402,CGY,dustinwolf,6.0,0.6755725190839694
20260402,VGK,carterhart,6.0,0.32442748091603046
20260402,TOR,anthonystolarz,6.5,0.552594002855783
20260402,SJS,alexnedeljkovic,6.5,0.447405997144217
20260402,UTA,karelvejmelka,6.0,0.43795620437956206
20260402,SEA,joeydaccord,6.0,0.562043795620438
20260402,NSH,juusesaros,5.5,0.5324675324675325
20260402,LAK,darcykuemper,5.5,0.4675324675324675
20260403,PHI,danvladar,5.5,0.574468085106383
20260403,NYI,ilyasorokin,5.5,0.4255319148936171
20260403,STL,joelhofer,6.0,0.562043795620438
20260403,ANA,lukasdostal,6.0,0.43795620437956206
20260404,DET,johngibson,6.5,0.43795620437956206
20260404,NYR,jonathanquick,6.5,0.562043795620438
20260404,MIN,jesperwallstedt,6.0,0.5324675324675325
20260404,OTT,linusullmark,6.0,0.4675324675324675
20260404,COL,scottwedgewood,6.0,0.4782608695652174
20260404,DAL,caseydesmith,6.0,0.5217391304347826
20260404,BOS,jeremyswayman,6.5,0.6164383561643836
20260404,TBL,andreivasilevskiy,6.5,0.3835616438356164
20260404,FLA,sergeibobrovsky,6.5,0.6690070210631895
20260404,PIT,arturssilovs,6.5,0.33099297893681046
20260404,MTL,jakubdobes,6.5,0.4572564612326044
20260404,NJD,jakeallen,6.5,0.5427435387673957
20260404,BUF,alexlyon,6.5,0.4891657638136511
20260404,WSH,loganthompson,6.5,0.5108342361863488
20260404,NYI,ilyasorokin,6.5,0.7001620745542949
20260404,CAR,brandonbussi,6.5,0.299837925445705
20260404,WPG,connorhellebuyck,6.0,0.562043795620438
20260404,CBJ,jetgreaves,6.0,0.43795620437956206
20260404,UTA,karelvejmelka,6.5,0.34929577464788736
20260404,VAN,nikitatolopilo,6.5,0.6507042253521127
20260404,TOR,josephwoll,6.0,0.6385542168674698
20260404,LAK,darcykuemper,6.0,0.3614457831325302
20260404,VGK,carterhart,6.5,0.5
20260404,EDM,connoringram,6.5,0.5
20260404,CGY,devincooley,6.5,0.574468085106383
20260404,ANA,villehusso,6.5,0.4255319148936171
20260404,NSH,juusesaros,6.5,0.5217391304347826
20260404,SJS,yaroslavaskarov,6.5,0.4782608695652174
20260404,CHI,arvidsoderblom,6.0,0.6067006554989074
20260404,SEA,philippgrubauer,6.0,0.39329934450109244
20260405,MIN,filipgustavsson,6.0,0.447405997144217
20260405,DET,camtalbot,6.0,0.552594002855783
20260405,FLA,daniiltarasov,6.5,0.6755725190839694
20260405,PIT,arturssilovs,6.5,0.32442748091603046
20260405,BOS,joonaskorpisalo,6.0,0.5911949685534592
20260405,PHI,danvladar,6.0,0.4088050314465409
20260405,CAR,frederikandersen,6.5,0.4782608695652174
20260405,OTT,linusullmark,6.5,0.5217391304347826
20260405,NJD,jacobmarkstrom,6.5,0.574468085106383
20260405,MTL,jacobfowler,6.5,0.4255319148936171
20260405,WSH,charlielindgren,6.0,0.5
20260405,NYR,igorshesterkin,6.0,0.5
20260405,STL,joelhofer,6.0,0.6385542168674698
20260405,COL,mackenzieblackwood,6.0,0.3614457831325302
20260406,TBL,andreivasilevskiy,6.5,0.4782608695652174
20260406,BUF,ukkopekkaluukkonen,6.5,0.5217391304347826
20260406,SEA,philippgrubauer,5.5,0.6067006554989074
20260406,WPG,connorhellebuyck,5.5,0.39329934450109244
20260406,CHI,spencerknight,6.5,0.5911949685534592
20260406,SJS,alexnedeljkovic,6.5,0.4088050314465409
20260406,NSH,juusesaros,6.0,0.552594002855783
20260406,LAK,antonforsberg,6.0,0.447405997144217
20260407,FLA,daniiltarasov,6.5,0.7183098591549295
20260407,MTL,jakubdobes,6.5,0.28169014084507044
20260407,TBL,jonasjohansson,6.5,0.562043795620438
20260407,OTT,linusullmark,6.5,0.43795620437956206
20260407,CBJ,jetgreaves,6.0,0.5
20260407,DET,johngibson,6.0,0.5
20260407,PHI,danvladar,6.0,0.5324675324675325
20260407,NJD,jacobmarkstrom,6.0,0.4675324675324675
20260407,BOS,jeremyswayman,6.5,0.6233894945490586
20260407,CAR,brandonbussi,6.5,0.37661050545094155
20260407,COL,scottwedgewood,6.0,0.4170073589533933
20260407,STL,joelhofer,6.0,0.5829926410466066
20260407,CGY,devincooley,5.5,0.6912521440823327
20260407,DAL,jakeoettinger,5.5,0.30874785591766724
20260407,SEA,joeydaccord,6.0,0.6912521440823327
20260407,MIN,jesperwallstedt,6.0,0.30874785591766724
20260407,EDM,tristanjarry,6.5,0.552594002855783
20260407,UTA,karelvejmelka,6.5,0.447405997144217
20260407,VGK,carterhart,6.5,0.30874785591766724
20260407,VAN,nikitatolopilo,6.5,0.6912521440823327
20260407,NSH,justusannunen,6.5,0.574468085106383
20260407,ANA,lukasdostal,6.5,0.4255319148936171
20260408,BUF,ukkopekkaluukkonen,6.0,0.447405997144217
20260408,NYR,igorshesterkin,6.0,0.552594002855783
20260408,WSH,loganthompson,6.5,0.4170073589533933
20260408,TOR,anthonystolarz,6.5,0.5829926410466066
20260408,EDM,connoringram,6.5,0.5
20260408,SJS,alexnedeljkovic,6.5,0.5
20260409,TOR,arturakhtyamov,6.5,0.7135512302607419
20260409,NYI,ilyasorokin,6.5,0.28644876973925815
20260409,CBJ,jetgreaves,6.5,0.4891657638136511
20260409,BUF,coltenellis,6.5,0.5108342361863488
20260409,TBL,andreivasilevskiy,6.5,0.4782608695652174
20260409,MTL,jakubdobes,6.5,0.5217391304347826
20260409,FLA,sergeibobrovsky,6.5,0.7706422018348623
20260409,OTT,linusullmark,6.5,0.22935779816513757
20260409,PHI,danvladar,6.0,0.5217391304347826
20260409,DET,johngibson,6.0,0.4782608695652174
20260409,PIT,stuartskinner,6.5,0.5
20260409,NJD,jakeallen,6.5,0.5
20260409,WPG,connorhellebuyck,5.5,0.5
20260409,STL,jordanbinnington,5.5,0.5
20260409,CAR,frederikandersen,6.0,0.3698979591836735
20260409,CHI,spencerknight,6.0,0.6301020408163266
20260409,MIN,filipgustavsson,6.0,0.5324675324675325
20260409,DAL,jakeoettinger,6.0,0.4675324675324675
20260409,CGY,dustinwolf,6.5,0.740871613663133
20260409,COL,mackenzieblackwood,6.5,0.2591283863368669
20260409,NSH,juusesaros,6.0,0.6067006554989074
20260409,UTA,karelvejmelka,6.0,0.39329934450109244
20260409,SJS,yaroslavaskarov,6.5,0.5990922844175491
20260409,ANA,lukasdostal,6.5,0.40090771558245086
20260409,VGK,adinhill,6.0,0.3698979591836735
20260409,SEA,joeydaccord,6.0,0.6301020408163266
20260409,VAN,nikitatolopilo,6.0,0.7085889570552146
20260409,LAK,antonforsberg,6.0,0.29141104294478526
20260411,TBL,andreivasilevskiy,6.0,0.4891657638136511
20260411,BOS,jeremyswayman,6.0,0.5108342361863488
20260411,OTT,linusullmark,6.0,0.4572564612326044
20260411,NYI,ilyasorokin,6.0,0.5427435387673957
20260411,WSH,loganthompson,6.5,0.4255319148936171
20260411,PIT,arturssilovs,6.5,0.574468085106383
20260411,EDM,connoringram,6.5,0.5217391304347826
20260411,LAK,antonforsberg,6.5,0.4782608695652174
20260411,NJD,jakeallen,6.5,0.552594002855783
20260411,DET,johngibson,6.5,0.447405997144217
20260411,STL,joelhofer,6.0,0.4255319148936171
20260411,CHI,arvidsoderblom,6.0,0.574468085106383
20260411,MIN,jesperwallstedt,6.5,0.4891657638136511
20260411,NSH,justusannunen,6.5,0.5108342361863488
20260411,NYR,igorshesterkin,5.5,0.6164383561643836
20260411,DAL,jakeoettinger,5.5,0.3835616438356164
20260411,CAR,frederikandersen,6.5,0.5324675324675325
20260411,UTA,karelvejmelka,6.5,0.4675324675324675
20260411,FLA,daniiltarasov,6.5,0.574468085106383
20260411,TOR,josephwoll,6.5,0.4255319148936171
20260411,CBJ,jetgreaves,6.5,0.552594002855783
20260411,MTL,jakubdobes,6.5,0.447405997144217
20260411,PHI,danvladar,5.5,0.5324675324675325
20260411,WPG,connorhellebuyck,5.5,0.4675324675324675
20260411,CGY,devincooley,6.5,0.5427435387673957
20260411,SEA,nikkekokko,6.5,0.4572564612326044
20260411,VGK,carterhart,6.0,0.5427435387673957
20260411,COL,mackenzieblackwood,6.0,0.4572564612326044
20260411,VAN,kevinlankinen,6.5,0.6385542168674698
20260411,SJS,yaroslavaskarov,6.5,0.3614457831325302
20260412,PIT,stuartskinner,6.5,0.574468085106383
20260412,WSH,loganthompson,6.5,0.4255319148936171
20260412,MTL,jacobfowler,6.0,0.5324675324675325
20260412,NYI,ilyasorokin,6.0,0.4675324675324675
20260412,BOS,joonaskorpisalo,6.5,0.6385542168674698
20260412,CBJ,jetgreaves,6.5,0.3614457831325302
20260412,OTT,jamesreimer,6.0,0.5217391304347826
20260412,NJD,nicodaws,6.0,0.4782608695652174
20260412,VAN,nikitatolopilo,6.5,0.732678320786015
20260412,ANA,lukasdostal,6.5,0.2673216792139849
20260412,UTA,vitekvanecek,6.0,0.40090771558245086
20260412,CGY,dustinwolf,6.0,0.5990922844175491
20260413,DET,camtalbot,6.5,0.6385542168674698
20260413,TBL,andreivasilevskiy,6.5,0.3614457831325302
20260413,NYR,jonathanquick,6.5,0.4170073589533933
20260413,FLA,daniiltarasov,6.5,0.5829926410466066
20260413,CAR,brandonbussi,6.0,0.5990922844175491
20260413,PHI,danvladar,6.0,0.40090771558245086
20260413,DAL,caseydesmith,6.5,0.3614457831325302
20260413,TOR,arturakhtyamov,6.5,0.6385542168674698
20260413,MIN,filipgustavsson,5.5,0.6233894945490586
20260413,STL,joelhofer,5.5,0.37661050545094155
20260413,SJS,alexnedeljkovic,6.5,0.574468085106383
20260413,NSH,justusannunen,6.5,0.4255319148936171
20260413,BUF,ukkopekkaluukkonen,6.5,0.35527082119976705
20260413,CHI,spencerknight,6.5,0.644729178800233
20260413,COL,scottwedgewood,6.5,0.4675324675324675
20260413,EDM,connoringram,6.5,0.5324675324675325
20260413,LAK,antonforsberg,5.5,0.39329934450109244
20260413,SEA,nikkekokko,5.5,0.6067006554989074
20260413,WPG,connorhellebuyck,6.0,0.6233894945490586
20260413,VGK,carterhart,6.0,0.37661050545094155
20260414,NJD,nicodaws,6.5,0.574468085106383
20260414,BOS,jeremyswayman,6.5,0.4255319148936171
20260414,CAR,brandonbussi,6.5,0.6233894945490586
20260414,NYI,davidrittich,6.5,0.37661050545094155
20260414,MTL,jakubdobes,6.0,0.28644876973925815
20260414,PHI,samuelersson,6.0,0.7135512302607419
20260414,WSH,claystevenson,6.5,0.574468085106383
20260414,CBJ,jetgreaves,6.5,0.4255319148936171
20260414,ANA,lukasdostal,6.5,0.39329934450109244
20260414,MIN,jesperwallstedt,6.5,0.6067006554989074
20260414,WPG,ericcomrie,6.0,0.6581196581196581
20260414,UTA,karelvejmelka,6.0,0.3418803418803419
20260414,COL,mackenzieblackwood,6.5,0.4088050314465409
20260414,CGY,dustinwolf,6.5,0.5911949685534592
20260414,PIT,stuartskinner,6.5,0.6581196581196581
20260414,STL,jordanbinnington,6.5,0.3418803418803419
20260414,LAK,darcykuemper,6.0,0.40090771558245086
20260414,VAN,kevinlankinen,6.0,0.5990922844175491
20260415,DAL,jakeoettinger,6.0,0.4255319148936171
20260415,BUF,coltenellis,6.0,0.574468085106383
20260415,NYR,dylangarand,6.5,0.562043795620438
20260415,TBL,brandonhalverson,6.5,0.43795620437956206
20260415,DET,johngibson,6.0,0.3835616438356164
20260415,FLA,daniiltarasov,6.0,0.6164383561643836
20260415,TOR,dennishildeby,6.5,0.6385542168674698
20260415,OTT,jamesreimer,6.5,0.3614457831325302
20260415,SJS,yaroslavaskarov,6.5,0.4782608695652174
20260415,CHI,spencerknight,6.5,0.5217391304347826
20260415,SEA,nikkekokko,6.0,0.7369226063016213
20260415,VGK,carterhart,6.0,0.2630773936983787
20260416,STL,joelhofer,6.0,0.5108342361863488
20260416,UTA,karelvejmelka,6.0,0.4891657638136511
20260416,ANA,villehusso,6.5,0.4675324675324675
20260416,NSH,juusesaros,6.5,0.5324675324675325
20260416,SJS,alexnedeljkovic,6.5,0.5911949685534592
20260416,WPG,ericcomrie,6.5,0.4088050314465409
20260416,LAK,antonforsberg,6.0,0.39329934450109244
20260416,CGY,arseniisergeev,6.0,0.6067006554989074
20260416,VAN,kevinlankinen,6.5,0.7446808510638298
20260416,EDM,connoringram,6.5,0.2553191489361702
20260416,SEA,victorostman,6.5,0.6581196581196581
20260416,COL,scottwedgewood,6.5,0.3418803418803419
